0.5,0.5,0.5,0.5,0.5,2,0,0,0,0,0,0,0,0,0,1
0.5,0.5,0.5,0.5,0.5,1,0,0,0,0,0,0,0,0,0,0
0.5,0.5,0.5,0.5,0.5,2,0,0,0,0,0,0,0,0,0,1
0.5,0.5,0.5,0.5,0.5,3,0,0,0,0,0,0,0,0,0,1
0.5,0.5,0.5,0.5,0.5,2,0,0,0,0,0,0,0,0,0,1
0.5,0.5,0.5,0.5,0.5,1,0,0,0,0,0,0,0,0,0,1
0.5,0.5,0.5,0.5,0.5,2,0,0,0,0,0,0,0,0,0,1
0.5,0.5,0.5,0.5,0.5,1,0,0,0,0,0,0,0,0,0,0
0.5,0.5,0.5,0.5,0.5,1,0,0,0,0,0,0,0,0,0,0
0.5,0.5,0.5,0.5,0.5,1,0,0,0,0,0,0,0,0,0,0
0.5,0.5,0.5,0.5,0.5,0,0,0,0,0,0,0,0,0,0,0
0.5,0.5,0.5,0.5,0.5,1,0,0,0,0,0,0,0,0,0,0
0.5,0.5,0.5,0.5,0.5,2,0,0,0,0,0,0,0,0,0,1
0.5,0.5,0.5,0.5,0.5,3,0,0,0,0,0,0,0,0,0,1
0.5,0.5,0.5,0.5,0.5,3,1,0,0,0,1,0,0,122,117,1
0.667,0.5,0.5,0.5,0.5,1,0,0,0,1,0,113,104,0,0,0
0.5,0.667,0.333,0.667,0.333,1,1,0,0,1,1,113,94,129,100,0
0.5,0.333,0.667,0.5,0.5,2,1,0,0,0,1,117,122,130,121,1
0.5,0.333,0.667,0.333,0.667,1,0,0,0,0,0,121,130,114,120,0
0.5,0.333,0.667,0.5,0.5,3,0,0,0,0,0,91,109,96,108,1
0.5,0.667,0.333,0.667,0.333,2,1,0,0,1,1,108,96,107,96,0
0.333,0.5,0.5,0.5,0.5,1,0,0,0,0,0,102,107,100,129,0
0.5,0.667,0.333,0.5,0.5,3,0,0,0,1,0,103,97,94,113,1
0.667,0.5,0.5,0.5,0.5,1,1,0,0,1,1,109,91,117,88,0
0.5,0.333,0.667,0.5,0.5,2,1,0,0,0,1,104,113,120,114,1
0.667,0.5,0.5,0.333,0.667,2,0,1,0,1,1,105,99,112,112,1
0.5,0.75,0.25,0.333,0.667,2,0,1,0,2,1,102,93,110,111,0
0.667,0.667,0.333,0.333,0.667,3,0,0,0,2,0,105,89,89,108,1
0.5,0.667,0.333,0.5,0.5,0,0,1,0,1,1,107,102,109,109,0
0.333,0.5,0.5,0.333,0.667,3,1,0,0,0,1,96,107,110,108,1
0.5,0.333,0.667,0.5,0.5,0,1,0,0,0,1,88,117,102,98,1
0.333,0.5,0.5,0.5,0.5,1,1,0,0,0,1,97,103,114,99,0
0.333,0.667,0.333,0.333,0.667,3,0,0,0,1,0,103,98,98,102,1
0.5,0.75,0.25,0.5,0.5,1,0,0,0,2,0,115,97,108,114,1
0.667,0.333,0.667,0.5,0.5,1,1,0,0,1,1,99,95,103,107,1
0.5,0.5,0.5,0.333,0.667,3,0,0,0,1,0,110,109,109,118,1
0.5,0.667,0.333,0.333,0.667,4,1,0,0,1,1,114,106,100,101,1
0.667,0.333,0.667,0.333,0.667,0,0,0,0,1,0,103,104,99,114,1
0.333,0.667,0.333,0.75,0.25,0,1,1,0,1,3,99,96,109,91,0
0.667,0.667,0.333,0.333,0.667,3,0,1,0,2,1,108,103,104,105,1
0.333,0.333,0.667,0.667,0.333,1,1,0,0,0,1,102,113,111,121,0
0.667,0.667,0.333,0.667,0.333,2,1,0,0,2,2,109,85,104,99,1
0.667,0.25,0.75,0.5,0.5,1,1,1,0,1,2,109,108,111,100,0
0.667,0.667,0.333,0.333,0.667,4,0,0,0,2,0,101,90,101,110,1
0.5,0.5,0.5,0.667,0.333,2,0,1,0,1,1,100,92,110,108,1
0.75,0.667,0.333,0.5,0.5,0,1,1,1,3,2,105,92,104,103,1
0.75,0.333,0.667,0.333,0.667,3,1,0,0,2,1,99,91,99,110,1
0.667,0.25,0.75,0.25,0.75,1,0,0,1,1,1,108,114,101,107,1
0.25,0.667,0.333,0.5,0.5,2,0,1,1,1,2,99,99,102,101,1
0.5,0.25,0.75,0.333,0.667,1,1,0,0,0,2,100,104,106,104,1
0.25,0.333,0.667,0.333,0.667,2,0,1,0,0,1,98,109,96,104,0
0.25,0.5,0.5,0.25,0.75,1,0,0,0,0,0,84,103,92,107,0
0.5,0.667,0.333,0.75,0.25,0,1,1,1,2,2,111,110,109,114,0
0.667,0.8,0.2,0.25,0.75,1,0,1,1,4,1,108,93,91,96,0
0.75,0.667,0.333,0.2,0.8,1,0,0,1,3,1,108,88,103,109,0
0.667,0.5,0.5,0.667,0.333,1,1,1,1,2,3,108,106,113,96,1
0.5,0.25,0.75,0.333,0.667,2,1,1,1,1,3,104,111,99,90,1
0.333,0.75,0.25,0.5,0.5,2,0,0,1,2,0,100,97,90,103,1
0.75,0.667,0.333,0.667,0.333,2,1,1,1,3,3,106,93,109,101,0
0.75,0.25,0.75,0.333,0.667,2,0,0,0,2,0,99,107,102,111,1
0.667,0.25,0.75,0.4,0.6,0,0,1,0,1,2,96,107,108,109,0
0.25,0.25,0.75,0.667,0.333,1,0,1,0,0,2,100,112,109,114,1
0.667,0.4,0.6,0.25,0.75,1,0,0,1,2,0,95,95,103,109,1
0.5,0.25,0.75,0.5,0.5,0,1,0,0,0,2,101,113,101,95,0
0.8,0.667,0.333,0.5,0.5,2,1,1,1,4,3,111,99,108,105,1
0.333,0.8,0.2,0.75,0.25,3,1,1,1,3,4,113,111,103,96,1
0.5,0.5,0.5,0.25,0.75,2,1,0,1,2,2,101,106,110,112,1
0.667,0.25,0.75,0.5,0.5,1,0,0,0,1,1,105,96,107,107,0
0.333,0.4,0.6,0.4,0.6,2,0,0,0,1,2,95,105,100,102,1
0.6,0.25,0.75,0.75,0.25,2,1,0,0,2,3,105,109,102,96,0
0.75,0.5,0.5,0.25,0.75,3,0,0,1,3,1,110,98,96,110,0
0.333,0.2,0.8,0.5,0.5,2,0,0,0,0,2,98,106,110,115,0
0.667,0.333,0.667,0.8,0.2,1,1,1,0,2,4,107,110,115,108,1
0.8,0.25,0.75,0.667,0.333,2,0,1,1,3,3,97,102,100,91,0
0.2,0.25,0.75,0.25,0.75,2,1,0,0,0,1,98,106,104,112,0
0.6,0.667,0.333,0.667,0.333,2,1,0,0,3,2,104,97,101,98,1
0.75,0.4,0.6,0.8,0.2,2,0,1,0,3,4,95,92,105,95,0
0.333,0.25,0.75,0.667,0.333,1,0,1,0,0,3,101,113,110,97,1
0.6,0.5,0.5,0.5,0.5,2,1,0,1,3,3,106,96,110,107,1
0.8,0.25,0.75,0.6,0.4,1,1,0,1,3,2,100,94,106,105,1
0.75,0.2,0.8,0.5,0.5,2,0,0,0,2,3,109,115,109,102,1
0.6,0.5,0.5,0.333,0.667,2,0,0,0,3,2,106,106,99,102,1
0.75,0.6,0.4,0.25,0.75,4,0,1,1,4,1,102,101,104,97,1
0.5,0.4,0.6,0.25,0.75,0,1,0,0,2,1,96,103,100,107,1
0.2,0.333,0.667,0.667,0.333,1,1,1,0,0,5,90,104,114,104,0
0.5,0.833,0.167,0.75,0.25,2,1,0,1,5,4,104,94,100,90,0
0.75,0.4,0.6,0.5,0.5,2,0,1,1,3,2,110,109,102,104,0
0.25,0.2,0.8,0.5,0.5,2,1,1,0,0,4,97,106,108,104,1
0.75,0.333,0.667,0.4,0.6,0,1,1,0,3,2,108,108,105,112,1
0.667,0.25,0.75,0.6,0.4,4,1,0,0,3,3,95,101,109,111,0
0.5,0.4,0.6,0.4,0.6,0,0,1,0,2,3,100,109,94,93,0
0.667,0.667,0.333,0.286,0.714,2,0,0,1,4,2,102,95,98,104,0
0.6,0.4,0.6,0.4,0.6,2,1,1,0,3,3,106,103,95,100,1
0.5,0.8,0.2,0.2,0.8,1,1,0,0,4,3,102,95,109,111,1
0.5,0.667,0.333,0.25,0.75,3,0,0,1,4,0,112,110,100,107,1
0.6,0.8,0.2,0.25,0.75,2,1,0,0,5,4,102,90,100,93,1
0.8,0.6,0.4,0.5,0.5,2,0,1,1,5,2,103,100,98,98,1
0.167,0.333,0.667,0.5,0.5,0,1,0,0,0,4,92,104,96,95,0
0.5,0.2,0.8,0.429,0.571,1,0,1,0,1,3,97,103,108,108,0
0.5,0.25,0.75,0.2,0.8,1,0,0,0,2,1,103,107,101,100,1
0.833,0.75,0.25,0.5,0.5,1,1,0,1,6,4,112,103,107,96,0
0.8,0.333,0.667,0.2,0.8,0,1,0,1,4,1,110,108,95,101,0
0.571,0.25,0.75,0.571,0.429,2,1,0,1,3,3,95,101,105,105,1
0.4,0.667,0.333,0.333,0.667,3,0,1,0,4,2,108,109,105,113,1
0.5,0.375,0.625,0.2,0.8,1,0,0,0,3,0,98,102,101,108,1
0.667,0.6,0.4,0.4,0.6,2,1,0,0,5,4,107,98,107,100,1
0.6,0.8,0.2,0.571,0.429,1,1,1,1,5,5,105,96,98,94,1
0.6,0.667,0.333,0.333,0.667,4,1,1,1,5,2,112,109,97,100,1
0.8,0.167,0.833,0.333,0.667,3,0,0,0,3,0,108,113,91,105,1
0.667,0.8,0.2,0.667,0.333,3,1,1,1,6,5,104,89,110,110,1
0.4,0.4,0.6,0.25,0.75,0,1,0,0,2,3,102,109,105,107,1
0.833,0.6,0.4,0.667,0.333,1,0,1,0,6,4,102,97,100,95,0
0.6,0.333,0.667,0.167,0.833,2,0,0,1,3,1,92,102,103,103,0
0.4,0.286,0.714,0.2,0.8,1,0,1,1,2,4,107,114,97,96,1
0.4,0.833,0.167,0.5,0.5,3,1,0,0,5,4,102,97,108,107,0
0.4,0.2,0.8,0.4,0.6,2,0,0,1,1,3,98,105,110,111,1
0.333,0.5,0.5,0.667,0.333,1,1,1,0,3,6,105,105,113,107,0
0.4,0.4,0.6,0.333,0.667,1,0,1,1,2,4,96,98,107,102,0
0.667,0.4,0.6,0.167,0.833,0,0,0,1,4,0,103,101,100,107,0
0.6,0.375,0.625,0.333,0.667,3,0,1,0,4,4,98,101,108,108,0
0.6,0.333,0.667,0.4,0.6,3,1,0,0,3,3,107,112,103,107,1
0.667,0.8,0.2,0.75,0.25,2,1,0,1,6,5,105,96,102,96,0
0.714,0.6,0.4,0.8,0.2,1,1,1,1,6,7,102,99,105,88,0
0.5,0.333,0.667,0.5,0.5,1,0,1,1,3,5,94,104,98,95,0
0.143,0.25,0.75,0.167,0.833,1,1,0,0,0,4,94,107,110,113,1
0.5,0.571,0.429,0.375,0.625,2,0,1,1,5,4,106,110,97,101,1
0.333,0.833,0.167,0.167,0.833,1,0,0,1,5,4,102,97,98,97,1
0.5,0.2,0.8,0.75,0.25,1,0,1,0,2,6,101,103,111,104,0
0.714,0.6,0.4,0.25,0.75,3,1,0,1,6,1,108,99,96,107,1
0.667,0.429,0.571,0.2,0.8,2,0,1,1,5,2,106,101,100,103,1
0.25,0.5,0.5,0.143,0.857,1,0,0,1,3,4,105,108,96,97,0
0.667,0.556,0.444,0.833,0.167,1,1,0,0,5,6,107,106,101,96,0
0.833,0.143,0.857,0.333,0.667,1,1,0,0,4,4,109,112,108,109,0
0.333,0.4,0.6,0.556,0.444,1,1,0,0,2,6,96,98,97,93,0
0.571,0.4,0.6,0.25,0.75,1,1,0,1,4,4,103,102,97,102,1
0.5,0.286,0.714,0.833,0.167,0,1,1,0,2,8,105,104,105,90,0
0.167,0.286,0.714,0.429,0.571,4,1,0,0,1,5,101,107,107,106,0
0.5,0.286,0.714,0.2,0.8,2,0,1,0,3,3,107,113,104,108,0
0.571,0.8,0.2,0.333,0.667,3,0,1,0,6,3,103,98,101,108,1
0.714,0.8,0.2,0.8,0.2,3,0,1,1,7,6,110,103,105,98,1
0.667,0.714,0.286,0.286,0.714,3,0,1,1,7,3,114,106,107,113,1
0.4,0.286,0.714,0.5,0.5,1,1,1,0,2,6,105,105,109,105,1
0.625,0.6,0.4,0.333,0.667,2,0,0,1,6,3,103,100,92,102,0
0.571,0.571,0.429,0.5,0.5,4,0,0,1,6,3,108,111,104,107,1
0.833,0.25,0.75,0.6,0.4,1,0,0,0,5,6,97,97,104,102,1
0.5,0.556,0.444,0.2,0.8,2,0,1,1,5,1,107,106,96,108,1
0.714,0.143,0.857,0.429,0.571,3,1,0,1,4,4,108,112,95,104,1
0.714,0.857,0.143,0.333,0.667,1,1,0,1,9,4,107,91,106,107,1
0.143,0.286,0.714,0.429,0.571,0,1,1,0,1,5,101,109,108,108,1
0.5,0.286,0.714,0.286,0.714,0,0,1,1,3,2,101,109,97,102,1
0.429,0.857,0.143,0.4,0.6,2,0,0,0,7,2,101,96,95,98,1
0.6,0.6,0.4,0.2,0.8,2,0,1,0,7,4,97,93,97,102,0
0.75,0.8,0.2,0.8,0.2,3,1,1,0,8,7,109,102,105,99,1
0.667,0.444,0.556,0.286,0.714,0,0,1,1,6,4,108,107,105,109,1
0.286,0.333,0.667,0.6,0.4,0,1,1,0,2,7,94,98,109,98,0
0.5,0.286,0.714,0.667,0.333,0,0,0,1,3,6,107,105,104,98,0
0.625,0.571,0.429,0.429,0.571,1,1,1,0,7,6,108,111,106,100,0
0.75,0.667,0.333,0.4,0.6,3,1,0,1,8,5,107,98,103,102,1
0.667,0.375,0.625,0.25,0.75,0,0,0,1,5,2,107,108,94,101,1
0.2,0.444,0.556,0.25,0.75,1,0,0,0,3,3,104,108,108,115,1
0.75,0.143,0.857,0.8,0.2,2,1,1,0,5,9,106,108,110,103,1
0.75,0.857,0.143,0.333,0.667,2,1,0,1,10,5,108,92,97,101,0
0.571,0.286,0.714,0.25,0.75,1,1,1,0,4,6,101,106,98,96,1
0.556,0.5,0.5,0.556,0.444,0,1,0,0,6,6,103,102,107,104,1
0.429,0.375,0.625,0.286,0.714,1,1,0,0,4,2,92,102,101,109,1
0.25,0.167,0.833,0.167,0.833,1,0,0,1,1,2,95,108,99,104,1
0.5,0.333,0.667,0.857,0.143,1,1,1,1,4,8,99,103,101,96,0
0.625,0.667,0.333,0.714,0.286,0,1,1,1,7,8,106,101,116,108,0
0.6,0.5,0.5,0.571,0.429,1,0,1,0,6,7,107,104,107,111,1
0.25,0.333,0.667,0.333,0.667,0,0,1,0,2,5,94,97,103,102,1
0.429,0.286,0.714,0.167,0.833,0,1,0,0,3,2,107,106,96,108,1
0.5,0.6,0.4,0.5,0.5,1,1,1,1,7,7,97,93,106,99,0
0.429,0.143,0.857,0.286,0.714,4,1,1,0,2,5,100,104,101,106,1
0.714,0.375,0.625,0.75,0.25,0,1,1,1,6,9,106,105,117,109,0
0.571,0.714,0.286,0.667,0.333,2,1,1,0,7,9,105,99,107,98,1
0.778,0.667,0.333,0.222,0.778,3,0,1,1,9,6,109,103,98,96,1
0.4,0.222,0.778,0.429,0.571,1,1,1,0,2,6,93,100,98,102,0
0.333,0.444,0.556,0.667,0.333,0,0,0,0,4,7,105,107,107,103,0
0.778,0.143,0.857,0.222,0.778,0,0,0,0,6,3,106,106,108,116,0
0.714,0.444,0.556,0.875,0.125,1,1,1,1,7,9,110,108,101,96,0
0.25,0.25,0.75,0.5,0.5,0,0,0,0,2,7,100,107,107,112,1
0.6,0.5,0.5,0.25,0.75,0,0,0,0,7,4,103,102,106,110,1
0.429,0.333,0.667,0.857,0.143,1,0,1,0,4,10,100,104,108,93,0
0.857,0.2,0.8,0.375,0.625,1,0,1,1,6,6,97,97,104,105,0
0.667,0.5,0.5,0.6,0.4,3,0,0,1,7,7,108,105,95,93,1
0.667,0.875,0.125,0.556,0.444,1,1,1,1,11,8,109,95,105,97,1
0.625,0.5,0.5,0.286,0.714,2,1,0,1,7,4,97,99,108,104,1
0.625,0.286,0.714,0.778,0.222,0,1,1,1,5,10,100,101,116,107,0
0.333,0.25,0.75,0.714,0.286,1,1,1,1,3,8,101,106,105,99,1
0.5,0.375,0.625,0.222,0.778,0,0,0,1,5,2,92,100,91,98,1
0.333,0.143,0.857,0.3,0.7,0,1,0,0,2,4,95,108,108,114,1
0.5,0.143,0.857,0.333,0.667,3,1,0,0,3,3,101,105,94,95,0
0.571,0.222,0.778,0.444,0.556,1,0,0,0,4,7,106,112,106,112,0
0.286,0.444,0.556,0.545,0.455,2,0,0,0,4,7,106,108,96,94,1
0.625,0.444,0.556,0.5,0.5,1,0,1,0,7,8,109,109,104,98,0
0.625,0.25,0.75,0.571,0.429,1,0,1,1,5,9,102,107,106,98,1
0.636,0.5,0.5,0.143,0.857,1,0,1,0,8,6,104,102,105,107,0
0.375,0.333,0.667,0.714,0.286,0,1,0,0,4,8,101,105,108,104,1
0.625,0.625,0.375,0.5,0.5,0,1,1,1,8,8,105,101,96,97,0
0.75,0.2,0.8,0.5,0.5,1,1,1,0,6,8,96,97,109,104,0
0.7,0.25,0.75,0.8,0.2,1,1,1,1,7,11,106,107,116,108,0
0.7,0.875,0.125,0.625,0.375,0,0,1,0,12,8,109,95,107,104,1
0.556,0.286,0.714,0.375,0.625,2,1,1,0,5,6,102,103,92,99,1
0.5,0.25,0.75,0.444,0.556,1,1,0,0,4,7,105,103,103,104,0
0.4,0.143,0.857,0.429,0.571,1,1,1,1,3,4,97,108,96,96,1
0.5,0.889,0.111,0.2,0.8,2,0,0,1,10,2,103,97,90,98,1
0.444,0.143,0.857,0.273,0.727,0,0,1,0,3,4,102,106,108,114,1
0.778,0.5,0.5,0.25,0.75,1,1,1,1,9,4,105,98,102,107,0
0.375,0.444,0.556,0.545,0.455,1,1,0,1,5,9,105,106,105,98,1
0.556,0.444,0.556,0.5,0.5,0,0,1,1,7,8,109,109,105,103,1
0.667,0.25,0.75,0.5,0.5,0,1,0,1,6,8,102,106,108,112,1
0.5,0.222,0.778,0.5,0.5,1,1,1,0,4,8,106,113,103,103,0
0.556,0.625,0.375,0.889,0.111,0,1,1,1,8,11,104,101,102,97,0
0.8,0.667,0.333,0.455,0.545,1,0,1,1,10,8,108,101,107,111,1
0.333,0.182,0.818,0.875,0.125,1,1,1,0,2,13,90,97,110,96,0
0.667,0.2,0.8,0.375,0.625,2,0,1,0,6,4,96,97,96,96,1
0.714,0.818,0.182,0.444,0.556,3,1,0,1,12,8,117,106,109,109,1
0.714,0.545,0.455,0.556,0.444,1,0,0,1,9,8,108,104,108,105,0
0.636,0.25,0.75,0.5,0.5,0,0,0,0,7,9,104,108,105,99,0
0.4,0.333,0.667,0.25,0.75,4,0,0,1,5,4,103,106,104,103,1
0.556,0.333,0.667,0.25,0.75,1,0,0,1,6,4,92,99,107,114,0
0.455,0.143,0.857,0.556,0.444,0,1,1,0,4,9,98,107,97,96,0
0.444,0.333,0.667,0.429,0.571,1,0,0,0,5,8,101,105,105,104,1
0.429,0.5,0.5,0.444,0.556,2,1,1,0,7,6,96,95,106,106,1
0.625,0.545,0.455,0.9,0.1,0,1,1,1,9,12,104,103,103,98,0
0.818,0.667,0.333,0.182,0.818,1,0,0,0,11,2,110,103,91,99,1
0.444,0.4,0.6,0.375,0.625,1,0,0,1,6,8,104,107,105,105,0
0.7,0.2,0.8,0.889,0.111,0,1,1,0,7,14,97,96,110,97,1
0.583,0.25,0.75,0.222,0.778,1,0,0,1,7,4,103,107,105,113,1
0.6,0.4,0.6,0.818,0.182,1,1,1,0,8,13,109,112,119,106,0
0.667,0.6,0.4,0.333,0.667,2,0,0,1,10,4,97,96,95,97,0
0.6,0.286,0.714,0.6,0.4,1,1,0,0,6,9,101,102,108,105,0
0.7,0.25,0.75,0.625,0.375,1,0,0,0,7,8,102,105,105,102,1
0.5,0.333,0.667,0.143,0.857,0,1,0,1,6,4,91,98,102,105,0
0.417,0.143,0.857,0.5,0.5,0,0,1,1,4,9,98,106,105,99,0
0.429,0.308,0.692,0.222,0.778,3,0,0,0,5,4,106,112,103,104,0
0.556,0.417,0.583,0.333,0.667,3,1,1,1,8,6,108,113,104,106,1
0.5,0.333,0.667,0.545,0.455,0,0,1,0,6,9,102,104,107,105,0
0.5,0.5,0.5,0.556,0.444,0,1,0,0,8,10,96,94,104,98,1
0.5,0.556,0.444,0.25,0.75,3,1,1,0,8,8,105,103,103,106,1
0.75,0.833,0.167,0.3,0.7,4,1,0,1,14,5,118,105,103,102,1
0.333,0.4,0.6,0.6,0.4,0,0,1,0,5,10,94,96,96,96,0
0.583,0.444,0.556,0.2,0.8,1,1,1,0,9,8,106,106,98,96,1
0.5,0.25,0.75,0.909,0.091,1,1,1,0,5,13,102,104,103,98,0
0.444,0.2,0.8,0.333,0.667,2,0,1,0,4,6,104,113,102,105,0
0.286,0.167,0.833,0.3,0.7,3,0,1,0,2,6,91,101,104,106,1
0.615,0.25,0.75,0.8,0.2,0,0,1,0,8,14,104,107,110,97,1
0.545,0.4,0.6,0.5,0.5,1,0,1,1,8,10,108,111,102,98,1
0.455,0.333,0.667,0.286,0.714,2,0,1,0,6,6,91,98,101,102,0
0.385,0.143,0.857,0.667,0.333,1,1,1,1,4,12,97,106,112,102,0
0.375,0.308,0.692,0.4,0.6,2,0,0,0,5,6,105,111,106,108,0
0.6,0.417,0.583,0.583,0.417,2,1,0,0,9,10,109,112,108,104,0
0.778,0.833,0.167,0.455,0.545,1,0,0,1,15,10,118,105,101,99,1
0.6,0.636,0.364,0.556,0.444,2,1,0,1,11,9,97,96,105,103,0
0.3,0.4,0.6,0.545,0.455,3,0,1,0,5,9,95,97,104,103,0
0.444,0.273,0.727,0.5,0.5,1,1,1,0,5,9,103,103,96,92,0
0.727,0.222,0.778,0.444,0.556,1,1,1,1,8,10,103,106,106,105,0
0.556,0.636,0.364,0.143,0.857,4,0,0,0,10,4,108,104,98,107,1
0.455,0.25,0.75,0.4,0.6,1,1,0,1,5,7,102,105,103,105,1
0.4,0.2,0.8,0.727,0.273,1,0,0,0,4,14,104,114,107,97,1
0.545,0.6,0.4,0.182,0.818,2,0,1,0,10,8,105,102,97,97,0
0.545,0.375,0.625,0.714,0.286,1,1,1,1,7,13,101,102,112,102,1
0.455,0.273,0.727,0.4,0.6,4,1,0,1,6,9,102,105,108,110,1
0.556,0.917,0.083,0.333,0.667,2,0,0,1,14,6,104,98,92,98,0
0.556,0.538,0.462,0.615,0.385,1,1,1,1,10,11,97,93,109,105,1
0.556,0.583,0.417,0.25,0.75,2,1,0,1,10,9,104,103,98,96,0
0.714,0.538,0.462,0.364,0.636,1,0,1,1,10,9,105,99,107,110,0
0.375,0.167,0.833,0.917,0.083,2,0,1,0,3,14,91,100,103,98,0
0.4,0.455,0.545,0.4,0.6,1,0,0,0,7,5,107,108,96,98,0
0.4,0.273,0.727,0.222,0.778,2,0,0,1,5,8,103,104,103,106,0
0.615,0.5,0.5,0.25,0.75,2,1,0,1,11,6,107,105,102,104,1
0.333,0.308,0.692,0.417,0.583,0,0,0,1,5,10,106,112,101,99,1
0.545,0.417,0.583,0.25,0.75,2,1,1,0,9,9,109,113,103,105,1
0.6,0.636,0.364,0.636,0.364,1,0,1,1,11,11,109,104,96,97,1
0.455,0.2,0.8,0.375,0.625,1,1,1,0,5,8,106,114,102,102,0
0.5,0.6,0.4,0.167,0.833,0,0,1,1,10,3,104,102,91,100,1
0.833,0.625,0.375,0.667,0.333,2,0,0,1,13,14,111,103,108,98,0
0.8,0.833,0.167,0.571,0.429,4,0,1,1,16,11,117,104,109,106,0
0.545,0.583,0.417,0.4,0.6,2,1,0,1,11,7,97,98,92,98,1
0.6,0.538,0.462,0.455,0.545,1,1,0,1,11,6,98,93,96,98,0
0.7,0.385,0.615,0.308,0.692,3,1,1,0,10,10,101,99,99,97,0
0.5,0.583,0.417,0.364,0.636,1,0,1,0,10,7,105,104,103,105,1
0.625,0.538,0.462,0.625,0.375,1,0,0,0,10,13,104,98,110,104,1
0.364,0.455,0.545,0.6,0.4,0,1,0,0,7,12,106,108,110,107,0
0.5,0.273,0.727,0.692,0.308,1,1,0,0,7,15,102,104,108,98,0
0.667,0.3,0.7,0.273,0.727,0,0,0,0,9,5,103,106,103,104,1
0.357,0.125,0.875,0.364,0.636,1,0,1,0,4,7,97,107,92,97,0
0.5,0.923,0.077,0.222,0.778,1,0,1,1,15,6,102,97,102,105,1
0.636,0.636,0.364,0.417,0.583,1,1,0,1,12,10,109,104,106,109,1
0.538,0.6,0.4,0.25,0.75,2,0,0,1,11,5,104,102,103,104,0
0.333,0.154,0.846,0.538,0.462,1,1,0,1,3,11,91,99,104,99,1
0.727,0.833,0.167,0.308,0.692,3,1,0,1,16,6,118,106,106,111,1
0.583,0.583,0.417,0.385,0.615,4,0,1,0,12,10,97,98,105,109,1
0.583,0.444,0.556,0.2,0.8,3,0,1,1,9,5,103,101,105,114,1
0.333,0.125,0.875,0.583,0.417,0,1,0,0,4,11,97,107,104,103,0
0.583,0.417,0.583,0.5,0.5,1,1,1,1,10,7,110,113,97,98,1
0.667,0.636,0.364,0.385,0.615,3,0,0,1,13,10,109,103,101,101,1
0.545,0.538,0.462,0.455,0.545,2,0,0,1,11,7,99,94,106,109,1
0.727,0.357,0.643,0.417,0.583,3,1,0,1,11,8,100,96,93,97,0
0.727,0.714,0.286,0.222,0.778,2,0,1,0,16,9,109,98,103,106,0
0.692,0.3,0.7,0.333,0.667,0,0,0,0,10,7,104,106,102,104,1
0.643,0.5,0.5,0.273,0.727,1,0,1,1,12,7,108,105,102,105,1
0.636,0.357,0.643,0.5,0.5,1,1,1,0,10,13,100,102,107,105,0
0.417,0.182,0.818,0.2,0.8,2,0,0,1,5,6,105,114,102,105,0
0.667,0.5,0.5,0.417,0.583,1,1,1,0,11,11,103,99,110,112,0
0.4,0.154,0.846,0.6,0.4,2,0,1,0,4,11,91,98,105,103,0
0.75,0.833,0.167,0.3,0.7,1,1,0,1,17,10,119,106,104,106,1
0.625,0.625,0.375,0.615,0.385,2,1,1,0,13,12,111,107,104,103,1
0.583,0.357,0.643,0.538,0.462,1,1,0,1,10,12,105,109,99,94,0
0.615,0.444,0.556,0.923,0.077,0,1,1,1,10,16,103,101,102,98,0
0.462,0.25,0.75,0.583,0.417,2,1,1,1,7,13,102,105,97,98,0
0.312,0.125,0.875,0.417,0.583,2,0,0,0,4,7,97,107,106,109,0
0.692,0.636,0.364,0.556,0.444,1,0,0,1,14,13,110,102,110,104,0
0.667,0.357,0.643,0.5,0.5,2,0,0,1,11,11,100,96,103,100,1
0.615,0.615,0.385,0.125,0.875,2,0,0,1,14,4,98,98,97,107,1
0.273,0.462,0.538,0.3,0.7,3,1,1,1,7,11,97,98,104,106,0
0.364,0.308,0.692,0.929,0.071,0,1,1,0,6,17,104,105,102,98,0
0.583,0.571,0.429,0.286,0.714,1,0,1,0,13,6,99,95,106,113,1
0.5,0.273,0.727,0.462,0.538,4,1,1,0,7,9,103,106,93,97,0
0.583,0.357,0.643,0.462,0.538,4,0,0,0,10,7,100,102,97,99,1
0.385,0.182,0.818,0.462,0.538,2,1,0,0,5,8,105,114,106,108,1
0.5,0.636,0.364,0.357,0.643,2,1,0,1,12,12,105,103,100,96,1
0.364,0.154,0.846,0.308,0.692,3,0,0,0,4,7,92,99,102,104,0
0.667,0.625,0.375,0.357,0.643,2,0,0,1,14,10,111,107,104,109,1
0.667,0.714,0.286,0.833,0.167,1,1,1,1,16,18,108,99,120,106,0
0.571,0.444,0.556,0.462,0.538,1,1,1,1,10,12,103,101,110,112,1
0.714,0.364,0.636,0.6,0.4,1,1,0,1,12,14,104,106,110,105,0
0.417,0.5,0.5,0.571,0.429,2,0,1,1,10,12,94,97,104,104,0
0.4,0.267,0.733,0.273,0.727,2,0,1,1,6,10,106,113,104,107,0
0.6,0.467,0.533,0.933,0.067,1,1,1,0,11,18,103,100,102,97,1
0.643,0.615,0.385,0.429,0.571,4,0,1,1,15,12,97,98,110,112,1
0.429,0.25,0.75,0.111,0.889,1,0,0,0,7,4,102,105,97,107,0
0.643,0.636,0.364,0.308,0.692,2,0,1,1,14,6,110,102,104,105,1
0.615,0.571,0.429,0.846,0.154,1,1,1,1,14,19,100,95,119,106,0
0.462,0.273,0.727,0.429,0.571,2,0,1,0,7,8,104,107,106,109,1
0.545,0.6,0.4,0.636,0.364,2,1,0,1,13,15,105,103,111,103,0
0.533,0.636,0.364,0.5,0.5,2,0,1,0,13,10,104,101,94,98,1
0.769,0.636,0.364,0.429,0.571,2,0,0,0,15,7,111,104,97,99,1
0.333,0.154,0.846,0.333,0.667,0,1,0,1,4,11,92,100,104,107,1
0.538,0.333,0.667,0.267,0.733,0,0,0,0,10,6,104,110,105,112,0
0.6,0.444,0.556,0.357,0.643,1,1,0,1,11,11,103,101,100,101,0
0.333,0.286,0.714,0.333,0.667,2,0,1,1,6,12,104,106,99,96,0
0.667,0.545,0.455,0.625,0.375,0,1,1,1,14,15,107,104,112,106,0
0.455,0.357,0.643,0.364,0.636,2,0,1,0,8,12,103,104,104,107,0
0.636,0.467,0.533,0.4,0.6,2,0,0,0,12,7,102,99,96,100,1
0.786,0.636,0.364,0.636,0.364,3,1,1,1,16,14,111,103,104,101,1
0.7,0.647,0.353,0.154,0.846,3,1,0,1,16,5,111,106,93,100,1
0.643,0.308,0.692,0.4,0.6,0,0,0,0,11,12,104,107,109,111,1
0.615,0.714,0.286,0.25,0.75,2,0,0,1,16,7,108,99,101,105,1
0.667,0.615,0.385,0.857,0.143,1,1,1,1,16,20,97,97,119,105,1
0.385,0.467,0.533,0.4,0.6,0,0,0,1,10,8,94,99,105,108,0
0.545,0.875,0.125,0.182,0.818,1,1,0,1,18,6,102,97,106,114,1
0.571,0.571,0.429,0.357,0.643,3,0,1,1,14,8,100,95,103,104,1
0.5,0.273,0.727,0.444,0.556,2,0,1,1,8,11,103,106,104,102,1
0.692,0.375,0.625,0.2,0.8,1,1,0,1,13,5,99,96,97,106,0
0.5,0.333,0.667,0.417,0.583,0,1,0,0,10,13,104,110,104,106,0
0.308,0.286,0.714,0.8,0.2,0,0,1,0,6,20,103,106,118,105,0
0.625,0.545,0.455,0.6,0.4,2,0,1,1,14,13,107,104,104,103,1
0.364,0.312,0.688,0.231,0.769,1,0,0,0,7,7,106,113,101,106,0
0.385,0.143,0.857,0.438,0.562,2,1,0,0,5,9,92,100,106,108,1
0.727,0.647,0.353,0.167,0.833,2,0,1,1,17,6,111,105,105,114,1
0.667,0.308,0.692,0.583,0.417,3,0,1,1,12,14,104,107,104,101,1
0.643,0.714,0.286,0.375,0.625,3,0,0,0,17,12,109,100,109,111,1
0.25,0.375,0.625,0.273,0.727,1,1,1,0,7,9,96,100,104,105,1
0.417,0.333,0.667,0.333,0.667,3,0,0,1,8,10,102,104,105,110,1
0.667,0.667,0.333,0.4,0.6,2,0,0,0,16,11,111,102,104,102,1
0.615,0.4,0.6,0.467,0.533,3,0,0,0,12,10,100,102,94,100,0
0.667,0.467,0.533,0.286,0.714,2,0,0,0,13,6,103,99,103,107,0
0.8,0.636,0.364,0.615,0.385,2,1,1,1,17,17,111,103,98,97,1
0.4,0.286,0.714,0.812,0.188,1,1,0,0,8,21,102,106,118,106,0
0.333,0.312,0.688,0.462,0.538,2,1,1,0,7,14,106,113,104,107,1
0.615,0.353,0.647,0.545,0.455,3,1,0,0,12,15,109,112,106,104,1
0.429,0.154,0.846,0.312,0.688,2,0,0,1,6,10,106,115,104,111,1
0.429,0.143,0.857,0.375,0.625,1,0,1,1,6,13,93,100,99,96,0
0.75,0.647,0.353,0.333,0.667,3,1,0,1,18,9,112,106,102,103,1
0.688,0.571,0.429,0.636,0.364,0,1,1,1,17,18,97,97,111,102,1
0.308,0.375,0.625,0.308,0.692,1,1,1,0,8,13,97,100,105,107,1
0.357,0.5,0.5,0.714,0.286,0,1,1,0,11,18,96,100,109,100,0
0.294,0.273,0.727,0.667,0.333,0,1,1,0,6,17,97,105,111,102,0
0.583,0.875,0.125,0.562,0.438,2,0,0,1,19,13,103,97,104,102,1
0.6,0.571,0.429,0.5,0.5,2,0,1,1,15,15,100,95,106,104,1
0.533,0.25,0.75,0.538,0.462,2,0,0,1,9,14,103,106,104,102,1
0.333,0.412,0.588,0.353,0.647,0,1,0,0,9,13,105,108,109,111,1
0.769,0.824,0.176,0.429,0.571,2,0,1,0,22,14,117,106,105,107,1
0.562,0.364,0.636,0.467,0.533,1,0,1,0,11,13,104,103,102,99,1
0.375,0.286,0.714,0.286,0.714,0,0,1,0,8,13,102,107,104,106,1
0.385,0.312,0.688,0.875,0.125,1,1,1,1,8,20,107,113,103,97,0
0.5,0.529,0.471,0.5,0.5,2,0,0,0,13,14,104,103,104,102,1
0.615,0.438,0.562,0.364,0.636,3,1,0,1,13,12,102,100,104,103,0
0.769,0.647,0.353,0.286,0.714,2,1,0,1,19,9,112,105,102,106,1
0.706,0.571,0.429,0.312,0.688,3,0,1,1,18,9,97,97,102,104,0
0.357,0.375,0.625,0.733,0.267,1,1,1,0,9,19,97,100,109,101,0
0.333,0.5,0.5,0.154,0.846,0,1,0,0,11,7,96,101,106,114,1
0.278,0.273,0.727,0.294,0.706,0,0,0,1,6,10,98,105,104,111,0
0.688,0.692,0.308,0.4,0.6,3,0,1,1,18,12,111,103,101,103,0
0.625,0.571,0.429,0.143,0.857,1,0,1,0,16,6,100,95,93,100,1
0.562,0.25,0.75,0.412,0.588,2,1,0,1,10,14,104,106,98,95,1
0.571,0.438,0.562,0.467,0.533,2,0,0,1,13,14,102,104,103,102,0
0.812,0.583,0.417,0.333,0.667,2,1,0,1,18,11,110,102,104,110,1
0.385,0.412,0.588,0.4,0.6,1,0,0,1,10,14,106,109,104,107,1
0.643,0.389,0.611,0.267,0.733,2,0,0,0,14,13,99,96,104,106,0
0.786,0.824,0.176,0.333,0.667,3,0,1,1,23,13,117,105,110,112,1
0.286,0.333,0.667,0.647,0.353,0,1,1,0,7,20,103,106,113,105,0
0.647,0.462,0.538,0.312,0.688,3,0,1,1,15,8,105,104,106,113,1
0.4,0.133,0.867,0.353,0.647,3,1,0,1,6,10,93,100,102,104,1
0.667,0.571,0.429,0.571,0.429,2,1,1,0,18,17,97,97,100,95,0
0.333,0.375,0.625,0.529,0.471,3,1,0,1,9,14,97,100,104,102,0
0.375,0.5,0.5,0.692,0.308,0,0,1,1,12,18,97,101,112,103,0
0.263,0.273,0.727,0.143,0.857,1,0,1,1,6,7,97,105,106,114,1
0.615,0.882,0.118,0.267,0.733,1,0,1,1,21,9,103,97,102,107,1
0.588,0.25,0.75,0.75,0.25,1,1,1,0,11,20,104,106,109,101,1
0.571,0.438,0.562,0.389,0.611,2,0,0,0,13,14,101,99,98,96,1
0.429,0.412,0.588,0.133,0.867,1,1,0,0,11,7,107,109,93,99,1
0.688,0.312,0.688,0.25,0.75,2,1,1,0,14,12,104,105,105,106,1
0.267,0.333,0.667,0.294,0.706,1,0,0,0,7,8,103,106,106,113,1
0.667,0.462,0.538,0.438,0.562,1,0,1,0,16,13,105,104,102,104,0
0.562,0.5,0.5,0.316,0.684,1,0,1,0,15,11,103,102,104,110,1
0.8,0.824,0.176,0.6,0.4,3,1,1,1,24,18,117,104,100,94,1
0.786,0.667,0.333,0.882,0.118,1,1,1,1,21,22,113,105,104,97,0
0.667,0.706,0.294,0.412,0.588,3,1,1,1,20,12,109,101,107,109,1
0.632,0.571,0.429,0.556,0.444,1,1,1,1,18,15,96,96,104,102,0
0.312,0.375,0.625,0.5,0.5,3,0,1,1,9,12,97,100,96,101,0
0.588,0.417,0.583,0.583,0.417,1,1,0,0,13,19,103,101,110,102,0
0.667,0.375,0.625,0.312,0.688,0,1,1,0,14,15,104,107,104,105,1
0.3,0.273,0.727,0.25,0.75,1,0,0,0,7,9,98,105,102,107,0
0.462,0.333,0.667,0.316,0.684,1,0,0,0,10,13,101,104,109,112,1
0.647,0.714,0.286,0.133,0.867,2,0,0,1,19,7,112,102,106,114,1
0.533,0.471,0.529,0.333,0.667,2,1,0,1,14,8,102,104,104,106,0
0.6,0.438,0.562,0.231,0.769,2,0,1,0,14,12,101,99,105,106,0
0.824,0.615,0.385,0.417,0.583,3,0,1,0,20,13,110,102,103,102,1
0.6,0.368,0.632,0.571,0.429,1,0,0,0,14,18,98,97,96,97,0
0.412,0.294,0.706,0.462,0.538,3,0,1,0,10,16,102,106,105,104,0
0.357,0.278,0.722,0.667,0.333,1,0,1,0,8,21,106,113,112,105,0
0.643,0.3,0.7,0.125,0.875,2,0,1,0,13,7,109,113,94,100,0
0.647,0.562,0.438,0.333,0.667,3,1,0,1,18,11,99,94,102,104,0
0.467,0.125,0.875,0.824,0.176,1,1,1,0,7,25,106,114,117,103,0
0.706,0.294,0.706,0.579,0.421,1,1,1,1,15,16,104,106,104,102,0
0.688,0.706,0.294,0.889,0.111,2,1,1,1,21,23,109,101,104,97,1
0.294,0.375,0.625,0.3,0.7,2,0,0,0,9,11,98,101,104,110,1
0.688,0.375,0.625,0.529,0.471,2,1,0,0,15,13,105,108,98,102,1
0.538,0.6,0.4,0.5,0.5,0,1,0,1,17,17,104,102,106,105,0
0.588,0.5,0.5,0.438,0.562,2,0,1,0,16,14,104,102,101,99,1
0.833,0.615,0.385,0.125,0.875,3,0,0,1,21,7,110,102,106,114,1
0.467,0.389,0.611,0.471,0.529,1,0,1,1,12,14,107,109,102,103,0
0.562,0.368,0.632,0.833,0.167,0,1,1,0,14,26,97,97,117,103,0
0.706,0.706,0.294,0.176,0.824,2,1,0,0,22,8,109,101,94,100,0
0.6,0.6,0.4,0.684,0.316,2,1,0,0,19,22,96,96,113,105,1
0.556,0.385,0.615,0.286,0.714,1,1,0,1,13,13,103,102,105,106,1
0.312,0.375,0.625,0.368,0.632,0,1,1,0,9,12,103,106,102,104,0
0.389,0.294,0.706,0.375,0.625,2,1,0,0,10,10,102,107,98,101,1
0.353,0.5,0.5,0.286,0.714,1,0,0,0,13,11,97,102,104,110,1
0.333,0.278,0.722,0.273,0.727,2,0,1,0,8,7,106,113,98,105,1
0.6,0.3,0.7,0.842,0.158,3,0,1,0,13,23,109,112,103,98,0
0.611,0.562,0.438,0.714,0.286,0,1,1,1,18,20,99,94,112,103,0
0.842,0.615,0.385,0.842,0.158,1,1,1,1,22,27,110,102,117,104,1
0.467,0.273,0.727,0.706,0.294,0,0,1,0,11,22,104,110,109,101,1
0.706,0.375,0.625,0.6,0.4,1,0,1,0,16,17,105,107,104,103,0
0.632,0.533,0.467,0.375,0.625,4,0,1,0,18,9,106,105,103,106,1
0.643,0.85,0.15,0.412,0.588,1,0,0,1,24,14,104,97,101,99,1
0.438,0.118,0.882,0.5,0.5,2,1,1,0,7,17,106,114,104,102,1
0.562,0.389,0.611,0.294,0.706,2,0,0,0,14,15,101,100,104,106,1
0.529,0.368,0.632,0.615,0.385,1,1,1,0,14,23,98,98,110,102,1
0.733,0.65,0.35,0.278,0.722,3,1,0,0,22,9,112,106,107,113,1
0.667,0.667,0.333,0.389,0.611,3,0,0,1,22,12,108,101,107,109,0
0.294,0.353,0.647,0.5,0.5,0,1,0,1,9,15,103,106,102,104,1
0.421,0.294,0.706,0.222,0.778,1,1,1,1,11,9,102,106,94,99,1
0.389,0.5,0.5,0.6,0.4,0,1,1,1,14,20,98,102,97,97,1
0.562,0.3,0.7,0.733,0.267,2,1,1,0,13,21,108,112,112,102,0
0.5,0.4,0.6,0.25,0.75,1,0,0,1,13,7,102,104,98,106,1
0.611,0.267,0.733,0.385,0.615,2,1,0,0,13,14,105,106,104,102,1
0.5,0.619,0.381,0.562,0.438,1,0,1,1,18,20,105,103,97,97,1
0.438,0.211,0.789,0.65,0.35,1,1,0,1,9,23,94,100,113,106,0
0.5,0.273,0.727,0.562,0.438,1,0,0,0,12,18,104,110,99,95,0
0.333,0.353,0.647,0.533,0.467,0,1,1,0,10,19,98,101,107,105,0
0.5,0.474,0.526,0.375,0.625,2,0,1,0,15,16,101,104,105,107,1
0.588,0.389,0.611,0.118,0.882,3,1,0,0,15,8,100,99,106,114,1
0.438,0.421,0.579,0.353,0.647,3,1,0,0,13,10,107,109,103,105,1
0.556,0.368,0.632,0.357,0.643,1,0,1,0,15,14,98,97,104,102,0
0.812,0.8,0.2,0.75,0.25,2,1,1,1,27,22,117,104,111,102,1
0.45,0.294,0.706,0.667,0.333,1,0,0,0,12,22,102,106,108,101,1
0.421,0.5,0.5,0.471,0.529,2,0,1,0,15,17,98,102,104,102,0
0.529,0.3,0.7,0.4,0.6,2,1,1,0,13,14,108,112,102,104,1
0.667,0.85,0.15,0.263,0.737,3,0,1,0,25,9,104,97,107,114,1
0.632,0.267,0.733,0.278,0.722,2,0,0,1,14,15,105,106,103,105,1
0.611,0.5,0.5,0.353,0.647,2,0,0,1,18,10,105,102,98,101,1
0.85,0.571,0.429,0.619,0.381,2,1,1,1,23,19,110,102,105,103,1
0.471,0.273,0.727,0.211,0.789,0,0,0,0,12,9,104,110,94,100,0
0.619,0.529,0.471,0.562,0.438,3,1,1,1,20,20,97,98,106,104,1
0.375,0.25,0.75,0.706,0.294,1,0,1,1,9,22,107,114,111,103,1
0.579,0.588,0.412,0.231,0.769,2,0,0,0,19,7,99,95,98,106,1
0.529,0.474,0.526,0.368,0.632,3,0,1,1,16,15,101,103,98,98,1
0.533,0.591,0.409,0.333,0.667,1,0,0,1,19,10,105,103,97,101,1
0.471,0.421,0.579,0.214,0.786,0,0,0,0,14,7,107,109,98,106,0
0.824,0.8,0.2,0.25,0.75,4,1,0,1,28,10,117,104,94,100,1
0.75,0.667,0.333,0.632,0.368,2,0,0,0,24,22,113,106,108,101,1
0.667,0.263,0.737,0.389,0.611,2,1,1,0,15,16,103,105,100,99,1
0.333,0.333,0.667,0.4,0.6,0,1,0,0,10,15,103,105,104,102,1
0.476,0.294,0.706,0.353,0.647,1,0,0,1,13,16,102,106,105,107,1
0.688,0.85,0.15,0.3,0.7,1,1,0,1,26,14,105,97,108,111,1
0.65,0.267,0.733,0.111,0.889,2,0,1,0,15,8,105,106,106,114,1
0.611,0.368,0.632,0.375,0.625,3,0,1,1,16,15,100,100,104,102,0
0.632,0.5,0.5,0.571,0.429,0,1,0,0,19,24,104,102,110,103,0
0.765,0.667,0.333,0.333,0.667,2,0,0,1,25,16,114,106,104,107,1
0.65,0.529,0.471,0.6,0.4,1,0,0,1,20,22,106,105,108,102,1
0.533,0.381,0.619,0.529,0.471,1,1,0,1,14,21,101,104,98,97,0
0.6,0.588,0.412,0.25,0.75,1,1,0,0,20,10,99,94,106,113,1
0.556,0.474,0.526,0.85,0.15,0,1,1,0,17,27,101,103,105,97,1
0.684,0.263,0.737,0.5,0.5,3,0,1,0,16,15,104,105,98,103,1
0.444,0.273,0.727,0.667,0.333,1,0,0,1,12,22,103,110,110,102,0
0.316,0.316,0.684,0.35,0.65,1,0,0,0,10,15,98,101,98,98,0
0.368,0.333,0.667,0.286,0.714,2,0,1,1,11,14,104,105,107,111,0
0.471,0.105,0.895,0.588,0.412,0,1,1,1,8,21,106,114,98,94,0
0.579,0.368,0.632,0.5,0.5,2,0,1,1,16,19,100,100,104,102,1
0.857,0.6,0.4,0.294,0.706,1,1,1,0,25,14,110,103,102,105,1
0.833,0.8,0.2,0.421,0.579,2,0,1,0,29,14,117,104,107,109,1
0.778,0.667,0.333,0.267,0.733,1,1,1,1,26,16,114,107,105,106,1
0.632,0.571,0.429,0.238,0.762,4,0,1,0,22,10,108,103,106,112,1
0.579,0.412,0.588,0.529,0.471,1,1,0,1,16,21,105,102,106,104,1
0.667,0.316,0.684,0.474,0.526,2,0,0,0,16,15,105,108,98,103,0
0.562,0.591,0.409,0.611,0.389,2,1,1,1,20,22,106,104,99,94,1
0.412,0.238,0.762,0.25,0.75,2,0,1,0,10,16,95,100,105,105,1
0.444,0.4,0.6,0.381,0.619,2,0,0,1,14,14,108,110,101,104,0
0.526,0.381,0.619,0.263,0.737,2,1,1,0,16,17,98,98,104,105,0
0.421,0.273,0.727,0.556,0.444,0,1,1,0,12,22,104,110,98,97,1
0.286,0.267,0.733,0.333,0.667,2,0,1,0,8,11,99,106,103,105,1
0.412,0.227,0.773,0.316,0.684,0,0,0,1,10,10,105,112,98,101,1
0.706,0.81,0.19,0.684,0.316,1,1,0,1,27,23,105,98,111,103,1
0.6,0.474,0.526,0.5,0.5,0,0,1,1,19,21,105,103,106,104,1
0.864,0.6,0.4,0.368,0.632,3,1,0,1,26,17,110,102,101,100,0
0.842,0.8,0.2,0.318,0.682,3,1,0,1,30,15,117,104,107,110,1
0.65,0.571,0.429,0.526,0.474,2,0,1,0,23,22,108,102,98,98,1
0.632,0.316,0.684,0.412,0.588,0,1,1,0,16,17,105,108,104,102,0
0.4,0.5,0.5,0.474,0.526,1,1,1,0,16,18,99,103,102,103,0
0.5,0.409,0.591,0.3,0.7,0,0,0,0,15,10,102,104,98,101,0
0.444,0.238,0.762,0.227,0.773,1,1,0,1,11,11,95,100,105,112,0
0.421,0.4,0.6,0.81,0.19,0,1,0,0,14,28,108,110,105,97,0
0.5,0.381,0.619,0.474,0.526,2,1,0,0,16,20,99,99,105,103,1
0.789,0.667,0.333,0.474,0.526,3,0,0,1,27,21,114,106,106,104,1
0.7,0.3,0.7,0.105,0.895,1,0,0,1,18,8,104,106,105,114,1
0.5,0.278,0.722,0.5,0.5,1,1,1,1,14,19,102,105,102,103,0
0.556,0.304,0.696,0.273,0.727,4,1,0,0,15,13,107,111,104,110,1
0.667,0.65,0.35,0.579,0.421,2,0,1,0,23,22,110,103,99,95,1
0.588,0.591,0.409,0.267,0.733,4,1,1,0,21,9,106,104,98,106,1
0.444,0.1,0.9,0.6,0.4,1,0,1,0,8,26,105,114,109,103,0
0.85,0.8,0.2,0.5,0.5,2,0,0,1,31,22,117,105,98,98,0
0.45,0.261,0.739,0.333,0.667,0,1,0,0,13,11,104,110,98,101,1
0.6,0.444,0.556,0.316,0.684,4,0,0,1,18,16,104,102,105,108,0
0.381,0.5,0.5,0.667,0.333,1,1,1,0,16,28,99,103,114,106,0
0.471,0.409,0.591,0.571,0.429,1,1,1,0,15,24,102,104,108,103,0
0.667,0.235,0.765,0.316,0.684,1,0,0,1,16,11,105,106,103,104,1
0.611,0.591,0.409,0.278,0.722,2,0,0,1,22,14,106,104,102,105,1
0.6,0.4,0.6,0.65,0.35,4,1,0,0,18,24,101,100,110,103,1
0.421,0.238,0.762,0.524,0.476,0,1,1,0,11,20,95,100,102,103,0
0.714,0.3,0.7,0.35,0.65,4,1,0,1,19,17,105,106,105,108,1
0.35,0.3,0.7,0.55,0.45,1,0,0,0,11,22,103,105,98,95,0
0.667,0.45,0.55,0.4,0.6,3,0,0,0,21,14,106,105,108,110,1
0.722,0.818,0.182,0.45,0.55,2,0,1,0,29,20,106,97,105,103,1
0.421,0.1,0.9,0.25,0.75,3,0,1,0,8,9,105,114,99,106,0
0.667,0.591,0.409,0.318,0.682,1,0,1,1,25,11,108,102,98,102,1
0.476,0.261,0.739,0.5,0.5,1,0,0,1,14,16,105,110,99,103,1
0.636,0.524,0.476,0.571,0.429,2,1,0,0,23,23,99,99,98,95,1
0.571,0.444,0.556,0.235,0.765,1,1,0,1,18,17,105,102,105,106,0
0.444,0.261,0.739,0.625,0.375,1,1,0,0,12,27,105,111,109,103,0
0.579,0.304,0.696,0.381,0.619,2,1,0,1,16,17,107,111,99,99,0
0.444,0.409,0.591,0.8,0.2,0,0,1,1,15,31,102,104,117,105,0
0.684,0.619,0.381,0.682,0.318,1,1,1,0,24,29,110,103,114,106,0
0.619,0.4,0.6,0.45,0.55,1,1,0,1,19,22,101,101,106,105,0
0.333,0.3,0.7,0.238,0.762,0,0,0,0,11,11,103,104,95,100,1
0.6,0.333,0.667,0.263,0.737,1,0,0,0,17,14,105,108,102,105,0
0.4,0.1,0.9,0.545,0.455,0,1,1,0,8,21,105,114,102,102,0
0.81,0.81,0.19,0.304,0.696,2,0,0,1,32,11,117,105,98,102,1
0.8,0.696,0.304,0.429,0.571,2,0,0,1,30,20,114,106,105,103,1
0.5,0.261,0.739,0.304,0.696,0,0,1,0,15,16,105,109,108,111,0
0.421,0.409,0.591,0.409,0.591,0,1,1,0,15,18,102,104,100,100,1
0.737,0.818,0.182,0.444,0.556,2,0,0,1,30,18,106,97,104,102,0
0.65,0.619,0.381,0.591,0.409,2,1,1,1,24,23,110,104,106,104,1
0.619,0.545,0.455,0.647,0.353,1,1,1,0,23,28,98,95,110,103,1
0.682,0.278,0.722,0.4,0.6,2,0,1,0,18,19,105,106,101,101,1
0.632,0.565,0.435,0.278,0.722,1,1,1,1,23,19,106,104,105,105,1
0.682,0.591,0.409,0.476,0.524,2,0,0,1,26,16,107,102,98,103,1
0.364,0.3,0.7,0.696,0.304,0,1,1,0,12,31,103,104,114,107,1
0.682,0.476,0.524,0.524,0.476,1,1,1,0,23,24,106,105,99,98,1
0.318,0.294,0.706,0.333,0.667,1,0,0,1,10,17,99,105,105,108,1
0.55,0.333,0.667,0.611,0.389,1,0,1,1,17,28,108,110,109,103,1
0.381,0.1,0.9,0.3,0.7,0,1,0,0,8,15,105,114,102,105,0
0.4,0.381,0.619,0.3,0.7,2,1,1,0,14,20,108,111,105,106,1
0.818,0.81,0.19,0.391,0.609,2,0,1,0,33,18,117,105,100,100,1
0.571,0.318,0.682,0.381,0.619,0,0,0,0,17,19,105,108,101,101,1
0.421,0.261,0.739,0.227,0.773,3,0,0,1,12,11,105,111,95,100,0
0.7,0.818,0.182,0.261,0.739,2,0,1,1,30,15,106,97,104,109,1
0.579,0.565,0.435,0.565,0.435,2,1,0,1,22,24,102,102,107,104,0
0.81,0.667,0.333,0.5,0.5,2,0,1,1,31,24,114,107,99,98,0
0.545,0.474,0.526,0.292,0.708,4,0,0,0,19,11,105,103,98,102,1
0.391,0.3,0.7,0.476,0.524,0,1,1,0,13,24,103,104,106,104,1
0.348,0.294,0.706,0.409,0.591,1,0,0,0,11,20,99,105,105,103,1
0.571,0.333,0.667,0.455,0.545,1,0,0,0,18,16,108,110,98,103,0
0.45,0.409,0.591,0.579,0.421,1,0,0,0,16,28,102,104,109,103,0
0.667,0.619,0.381,0.1,0.9,2,0,0,0,25,8,110,104,104,113,1
0.636,0.545,0.455,0.375,0.625,2,0,0,1,24,18,98,94,100,100,1
0.591,0.364,0.636,0.333,0.667,2,1,1,0,19,16,101,101,102,105,1
0.696,0.591,0.409,0.25,0.75,4,0,0,1,27,15,107,102,104,110,1
0.4,0.261,0.739,0.818,0.182,1,1,0,1,12,31,105,111,106,97,1
0.652,0.545,0.455,0.478,0.522,1,1,0,0,25,17,98,94,99,103,1
0.696,0.263,0.737,0.294,0.706,3,1,1,1,19,12,105,106,99,105,1
0.55,0.565,0.435,0.474,0.526,3,1,1,1,22,20,102,102,105,103,1
0.364,0.095,0.905,0.667,0.333,0,0,0,0,8,31,105,114,114,107,0
0.4,0.261,0.739,0.3,0.7,3,1,1,0,12,14,95,100,103,104,1
0.478,0.24,0.76,0.36,0.64,2,0,0,0,15,18,104,110,99,101,0
0.652,0.522,0.478,0.364,0.636,1,1,0,1,25,20,99,98,101,101,0
0.429,0.409,0.591,0.455,0.545,1,0,1,0,16,24,102,105,106,104,0
0.682,0.619,0.381,0.318,0.682,3,1,0,0,26,18,111,104,105,108,1
0.65,0.583,0.417,0.391,0.609,2,0,0,0,25,20,106,104,105,103,1
0.429,0.381,0.619,0.458,0.542,2,0,1,0,15,17,108,111,99,104,1
0.826,0.81,0.19,0.6,0.4,1,1,0,1,34,29,117,105,109,103,1
0.727,0.286,0.714,0.318,0.682,2,0,1,1,20,16,105,107,102,105,1
0.708,0.591,0.409,0.478,0.522,2,1,0,1,28,25,107,102,106,104,1
0.565,0.45,0.55,0.278,0.722,4,0,1,1,20,12,105,103,99,105,0
0.591,0.304,0.696,0.565,0.435,1,1,0,0,18,23,105,108,102,102,0
0.429,0.261,0.739,0.545,0.455,2,1,1,0,13,26,106,111,99,94,0
0.708,0.263,0.737,0.333,0.667,1,0,1,1,20,18,105,105,108,110,1
0.348,0.095,0.905,0.619,0.381,2,1,1,0,8,27,105,114,111,104,0
0.609,0.391,0.609,0.261,0.739,1,1,1,0,21,13,101,101,95,100,0
0.458,0.24,0.76,0.381,0.619,1,1,1,0,15,16,104,110,109,111,0
0.3,0.28,0.72,0.68,0.32,0,1,0,0,11,32,98,102,114,107,1
0.714,0.783,0.217,0.286,0.714,4,0,1,0,31,14,106,97,102,103,1
0.667,0.583,0.417,0.304,0.696,3,0,0,1,26,18,106,104,105,108,0
0.619,0.375,0.625,0.32,0.68,0,0,0,0,20,18,104,104,107,110,1
0.524,0.385,0.615,0.583,0.417,1,1,1,0,19,24,99,101,102,102,1
0.833,0.81,0.19,0.458,0.542,3,0,1,1,35,25,117,105,106,105,1
0.773,0.654,0.346,0.45,0.55,2,0,0,0,32,20,114,107,105,103,1
0.478,0.304,0.696,0.44,0.56,1,0,0,1,16,17,102,105,99,104,1
0.375,0.316,0.684,0.636,0.364,0,1,1,1,13,28,99,105,111,104,1
0.409,0.409,0.591,0.286,0.714,2,1,0,1,16,21,102,105,105,106,0
0.72,0.263,0.737,0.522,0.478,2,0,1,0,21,25,105,105,99,99,1
0.826,0.571,0.429,0.261,0.739,1,0,1,0,29,13,108,104,105,111,1
0.72,0.591,0.409,0.273,0.727,3,0,0,1,29,14,108,102,103,104,0
0.333,0.28,0.72,0.292,0.708,1,1,1,0,12,14,98,102,95,100,1
0.565,0.333,0.667,0.263,0.737,0,1,1,0,19,22,105,108,105,105,0
0.727,0.783,0.217,0.409,0.591,4,1,1,1,32,17,107,98,109,111,1
0.571,0.56,0.44,0.391,0.609,2,0,1,1,24,21,102,102,101,101,1
0.636,0.375,0.625,0.609,0.391,2,0,1,0,21,28,105,103,110,104,1
0.429,0.28,0.72,0.565,0.435,3,1,1,1,14,27,95,100,99,94,0
0.783,0.654,0.346,0.81,0.19,0,1,1,1,33,36,114,107,117,104,0
0.44,0.24,0.76,0.318,0.682,1,1,1,0,15,22,104,110,105,106,1
0.625,0.5,0.5,0.409,0.591,3,0,0,1,25,16,99,99,102,105,1
0.5,0.304,0.696,0.095,0.905,2,0,0,0,17,8,102,104,105,114,0
0.364,0.423,0.577,0.429,0.571,2,0,0,0,17,20,99,104,104,103,1
0.4,0.316,0.684,0.308,0.692,0,0,0,0,14,18,99,104,107,110,1
0.591,0.56,0.44,0.316,0.684,3,1,1,1,25,15,102,102,99,104,1
0.636,0.583,0.417,0.296,0.704,1,0,0,1,26,18,106,104,107,110,0
0.583,0.375,0.625,0.391,0.609,1,0,0,1,21,16,101,101,102,105,1
0.652,0.375,0.625,0.136,0.864,1,1,0,0,22,9,105,102,106,114,1
0.833,0.571,0.429,0.783,0.217,1,1,1,1,30,33,109,104,107,98,0
0.455,0.391,0.609,0.591,0.409,1,0,1,1,17,29,109,111,108,102,1
0.545,0.385,0.615,0.3,0.7,1,1,1,0,20,23,100,100,105,105,1
0.64,0.5,0.5,0.654,0.346,2,0,1,0,26,33,99,99,114,107,0
0.364,0.28,0.72,0.409,0.591,0,0,0,0,13,20,98,102,104,103,1
0.542,0.333,0.667,0.25,0.75,0,0,0,0,19,13,105,108,105,111,0
0.667,0.583,0.417,0.304,0.696,0,0,1,1,28,22,99,95,105,106,1
0.409,0.28,0.72,0.24,0.76,4,1,0,1,14,16,95,100,104,110,1
0.417,0.304,0.696,0.391,0.609,1,1,0,0,15,18,103,104,109,111,1
0.391,0.423,0.577,0.818,0.182,0,1,1,0,18,37,99,104,117,105,0
0.696,0.583,0.417,0.28,0.72,1,1,0,1,28,14,110,104,105,111,0
0.609,0.56,0.44,0.565,0.435,2,0,0,0,26,29,102,102,107,102,0
0.333,0.13,0.87,0.792,0.208,1,1,1,0,9,34,106,114,107,98,0
0.667,0.375,0.625,0.286,0.714,2,0,1,1,23,23,105,103,106,105,0
0.565,0.385,0.615,0.375,0.625,2,0,0,1,21,16,100,101,102,105,0
0.739,0.292,0.708,0.333,0.667,4,0,0,1,22,19,105,106,105,108,0
0.391,0.28,0.72,0.826,0.174,0,1,1,1,14,38,98,102,117,104,1
0.542,0.391,0.609,0.667,0.333,0,1,0,0,20,34,104,104,114,107,1
0.48,0.304,0.696,0.571,0.429,1,0,1,0,17,30,102,105,109,104,1
0.68,0.583,0.417,0.44,0.56,2,0,0,1,29,25,99,95,106,105,0
0.478,0.375,0.625,0.583,0.417,2,0,1,0,18,29,109,111,99,95,1
0.375,0.423,0.577,0.375,0.625,2,1,0,0,18,22,99,105,101,101,0
0.423,0.3,0.7,0.583,0.417,0,1,0,1,15,30,99,104,108,102,1
0.409,0.308,0.692,0.304,0.696,3,1,1,0,15,16,106,111,103,104,0
0.667,0.583,0.417,0.8,0.2,1,1,1,0,28,35,110,104,107,98,0
0.731,0.318,0.682,0.583,0.417,2,0,0,1,24,26,106,105,107,105,1
0.609,0.56,0.44,0.643,0.357,0,0,1,0,26,34,107,105,114,107,1
0.32,0.13,0.87,0.28,0.72,0,1,1,1,9,15,105,114,98,102,0
0.6,0.4,0.6,0.56,0.44,1,0,1,0,23,26,101,101,102,102,0
0.64,0.375,0.625,0.792,0.208,0,0,1,1,23,38,105,103,117,104,0
0.8,0.545,0.455,0.4,0.6,1,1,0,1,30,17,109,104,102,105,0
0.435,0.28,0.72,0.36,0.64,2,1,0,0,15,20,96,100,105,108,1
0.615,0.5,0.5,0.583,0.417,1,0,0,0,26,28,99,99,109,104,1
0.56,0.391,0.609,0.3,0.7,4,1,0,0,21,16,104,104,99,104,0
0.5,0.304,0.696,0.462,0.538,3,1,0,1,18,26,103,106,106,105,0
0.545,0.321,0.679,0.231,0.769,4,0,1,0,19,16,107,110,104,110,1
0.5,0.375,0.625,0.308,0.692,1,0,1,1,19,15,109,110,106,111,1
0.44,0.333,0.667,0.292,0.708,1,0,0,1,17,22,103,104,105,106,0
0.696,0.481,0.519,0.28,0.72,1,1,1,0,27,16,106,105,96,99,1
0.654,0.56,0.44,0.222,0.778,2,0,0,1,29,16,99,95,103,110,1
0.583,0.577,0.423,0.318,0.682,3,1,1,1,27,25,103,103,106,105,0
0.625,0.56,0.44,0.423,0.577,2,0,0,0,27,18,107,105,99,104,1
0.577,0.4,0.6,0.308,0.692,2,1,1,1,23,16,101,101,99,102,0
0.769,0.545,0.455,0.13,0.87,3,0,0,0,30,9,109,105,105,114,1
0.708,0.32,0.68,0.423,0.577,0,1,1,0,23,18,105,106,102,105,1
0.481,0.304,0.696,0.808,0.192,3,1,1,0,18,36,103,106,107,98,1
0.52,0.346,0.654,0.375,0.625,1,0,0,0,20,23,105,108,105,103,1
0.444,0.333,0.667,0.621,0.379,0,0,0,0,17,34,99,104,114,108,0
0.565,0.321,0.679,0.5,0.5,0,1,0,0,20,27,107,110,99,99,1
0.64,0.56,0.44,0.391,0.609,2,0,1,0,28,21,109,104,105,104,1
0.615,0.36,0.64,0.407,0.593,0,0,1,0,23,18,105,103,102,105,0
0.84,0.8,0.2,0.56,0.44,3,0,1,1,39,30,117,104,108,103,1
0.417,0.333,0.667,0.385,0.615,1,0,1,1,17,21,99,102,100,101,1
0.538,0.375,0.625,0.56,0.44,2,1,1,1,21,28,104,104,108,105,0
0.423,0.333,0.667,0.125,0.875,1,0,0,1,17,9,103,104,105,114,1
0.391,0.296,0.704,0.375,0.625,2,1,1,1,15,20,106,111,110,111,0
0.667,0.56,0.44,0.48,0.52,2,0,1,0,30,27,99,95,99,99,0
0.56,0.577,0.423,0.346,0.654,2,1,0,0,27,21,102,103,105,108,1
0.556,0.4,0.6,0.333,0.667,3,0,1,1,23,17,101,101,100,105,1
0.778,0.545,0.455,0.481,0.519,1,1,1,0,31,28,109,105,106,105,1
0.72,0.32,0.68,0.633,0.367,0,1,0,0,24,35,105,106,114,108,1
0.5,0.304,0.696,0.348,0.652,0,1,1,1,19,26,103,106,106,105,0
0.583,0.321,0.679,0.8,0.2,0,1,1,1,21,40,107,110,118,104,0
0.739,0.778,0.222,0.269,0.731,2,0,1,1,36,16,107,99,96,100,0
0.654,0.56,0.44,0.407,0.593,4,0,0,0,29,18,109,104,99,105,0
0.64,0.577,0.423,0.37,0.63,2,0,0,1,29,21,108,105,100,101,1
0.458,0.296,0.704,0.545,0.455,1,1,1,1,17,32,96,100,109,105,1
0.44,0.333,0.667,0.12,0.88,4,0,0,1,18,9,99,102,106,115,1
0.444,0.333,0.667,0.429,0.571,0,1,0,1,18,19,104,104,100,105,1
0.429,0.318,0.682,0.429,0.571,1,1,0,1,17,19,100,105,103,105,1
0.375,0.296,0.704,0.5,0.5,0,1,0,0,15,28,106,112,99,99,0
0.75,0.613,0.387,0.414,0.586,3,0,1,0,35,19,114,108,103,106,1
0.462,0.214,0.786,0.4,0.6,1,1,1,0,16,21,103,110,110,111,1
0.56,0.321,0.679,0.36,0.64,2,0,0,1,21,23,107,110,105,103,1
0.708,0.778,0.222,0.464,0.536,2,0,1,1,36,28,107,99,106,105,1
0.63,0.56,0.44,0.304,0.696,0,0,1,0,29,19,109,104,103,106,1
0.741,0.375,0.625,0.333,0.667,4,0,1,1,27,21,106,105,106,108,1
0.654,0.577,0.423,0.56,0.44,2,1,0,1,30,30,108,105,109,104,1
0.308,0.115,0.885,0.321,0.679,4,0,0,0,9,21,105,114,106,108,0
0.786,0.522,0.478,0.333,0.667,2,1,1,1,32,19,109,105,104,104,1
0.48,0.296,0.704,0.318,0.682,2,1,0,0,18,18,97,100,100,105,1
0.52,0.385,0.615,0.519,0.481,1,1,1,1,21,29,110,111,100,99,0
0.542,0.357,0.643,0.292,0.708,0,0,0,0,21,19,100,101,103,106,1
0.846,0.808,0.192,0.346,0.654,2,0,0,1,41,23,117,104,105,103,1
0.462,0.333,0.667,0.577,0.423,0,1,0,1,19,28,99,102,103,103,1
0.708,0.448,0.552,0.4,0.6,1,1,0,1,28,24,105,105,101,101,0
0.36,0.414,0.586,0.32,0.68,0,1,1,0,19,25,100,105,105,106,0
0.36,0.296,0.704,0.538,0.462,0,0,0,0,15,30,106,112,107,103,0
0.643,0.56,0.44,0.375,0.625,2,0,0,0,30,21,99,95,104,104,1
0.76,0.613,0.387,0.556,0.444,0,0,1,1,36,28,114,108,103,104,0
0.692,0.556,0.444,0.808,0.192,1,1,1,0,31,42,108,104,118,104,0
0.72,0.778,0.222,0.304,0.696,2,0,1,0,37,18,107,99,100,106,1
0.75,0.375,0.625,0.214,0.786,2,1,0,1,28,17,106,104,103,110,1
0.667,0.577,0.423,0.207,0.793,1,0,1,1,31,17,108,105,104,110,1
0.296,0.115,0.885,0.346,0.654,2,1,1,0,9,26,105,114,105,106,0
0.5,0.385,0.615,0.36,0.64,1,0,0,1,21,21,110,111,104,104,1
0.56,0.357,0.643,0.32,0.68,0,0,1,0,22,19,101,101,104,105,1
0.731,0.613,0.387,0.423,0.577,1,1,1,0,36,25,113,108,102,101,1
0.68,0.448,0.552,0.536,0.464,1,1,1,0,28,30,105,105,100,99,1
0.346,0.414,0.586,0.538,0.462,0,0,1,1,19,30,99,105,109,104,1
0.577,0.321,0.679,0.296,0.704,2,1,1,1,22,19,107,109,97,99,0
0.391,0.4,0.6,0.296,0.704,3,0,0,1,19,15,103,106,106,112,0
0.577,0.571,0.429,0.414,0.586,3,1,0,1,29,20,103,104,99,105,1
0.731,0.37,0.63,0.357,0.643,2,1,1,1,27,23,105,106,101,101,1
0.481,0.333,0.667,0.292,0.708,3,0,0,1,20,18,99,101,100,106,1
0.464,0.308,0.692,0.517,0.483,1,0,1,1,19,30,104,105,100,99,0
0.538,0.345,0.655,0.522,0.478,1,1,0,0,22,33,105,108,109,104,0
0.346,0.321,0.679,0.346,0.654,1,0,0,0,16,21,106,112,104,104,0
0.375,0.4,0.6,0.815,0.185,0,1,1,0,19,43,103,106,118,105,1
0.731,0.778,0.222,0.385,0.615,4,1,0,0,38,22,107,98,110,111,1
0.655,0.56,0.44,0.333,0.667,1,0,0,1,31,23,99,95,105,104,1
0.759,0.375,0.625,0.28,0.72,2,0,0,1,29,19,107,105,103,106,1
0.679,0.577,0.423,0.556,0.444,0,0,1,1,32,31,108,105,108,104,1
0.286,0.115,0.885,0.519,0.481,2,0,0,0,9,30,105,114,109,104,0
0.692,0.448,0.552,0.321,0.679,1,0,1,0,29,22,105,105,107,109,1
0.593,0.571,0.429,0.56,0.44,2,1,1,0,30,32,103,103,99,95,0
0.519,0.37,0.63,0.321,0.679,1,1,1,0,22,20,110,111,97,100,1
0.577,0.345,0.655,0.28,0.72,1,0,0,1,23,18,101,101,100,106,1
0.741,0.37,0.63,0.448,0.552,1,1,1,1,28,30,105,105,105,105,1
0.63,0.533,0.467,0.778,0.222,2,1,1,1,31,39,100,99,107,98,1
0.448,0.308,0.692,0.333,0.667,1,1,1,0,19,21,104,105,100,101,0
0.483,0.269,0.731,0.321,0.679,2,0,1,0,19,16,103,106,106,112,1
0.519,0.345,0.655,0.2,0.8,2,0,0,0,22,17,105,108,104,110,0
0.4,0.4,0.6,0.407,0.593,1,0,1,0,20,25,103,106,102,101,0
0.643,0.536,0.464,0.536,0.464,2,0,0,0,31,31,109,104,108,104,1
0.767,0.375,0.625,0.542,0.458,1,1,1,1,30,34,107,104,109,104,0
0.593,0.321,0.679,0.115,0.885,1,0,0,0,23,9,105,104,105,114,1
0.5,0.31,0.69,0.31,0.69,2,0,0,1,20,22,97,100,107,109,0
0.741,0.613,0.387,0.4,0.6,1,0,1,1,37,20,114,108,99,105,1
0.571,0.571,0.429,0.37,0.63,1,1,0,1,30,23,103,104,110,111,1
0.276,0.111,0.889,0.375,0.625,2,0,1,0,9,30,105,114,107,105,0
0.593,0.345,0.655,0.226,0.774,0,1,0,1,24,18,101,101,104,110,1
0.852,0.786,0.214,0.429,0.571,1,1,0,1,43,26,118,105,102,102,1
0.75,0.37,0.63,0.56,0.44,2,1,1,1,29,35,105,105,110,105,0
0.643,0.533,0.467,0.31,0.69,3,0,0,0,32,16,100,99,106,112,1
0.519,0.37,0.63,0.357,0.643,4,1,1,0,22,22,105,105,100,102,0
0.433,0.308,0.692,0.536,0.464,0,1,1,0,19,32,104,105,109,104,1
0.5,0.269,0.731,0.577,0.423,2,1,1,0,20,33,103,106,99,95,0
0.5,0.345,0.655,0.517,0.483,0,0,0,1,22,31,105,108,108,104,0
0.448,0.269,0.731,0.75,0.25,0,0,1,0,18,39,100,106,106,98,0
0.385,0.4,0.6,0.577,0.423,1,1,1,0,20,33,103,106,108,105,1
0.607,0.321,0.679,0.613,0.387,0,1,1,0,24,38,105,104,114,108,0
0.481,0.31,0.69,0.593,0.407,3,1,1,1,20,34,97,100,100,95,1
0.704,0.433,0.567,0.577,0.423,1,1,1,1,30,36,105,105,111,105,1
0.37,0.387,0.613,0.269,0.731,2,0,0,1,20,18,99,105,100,106,0
0.556,0.333,0.667,0.556,0.444,1,0,1,0,23,33,107,109,108,105,0
0.267,0.111,0.889,0.379,0.621,0,1,1,0,9,23,105,114,100,101,0
0.607,0.345,0.655,0.759,0.241,1,1,0,0,25,40,101,101,107,98,0
0.655,0.533,0.467,0.786,0.214,1,1,0,1,33,44,100,99,118,105,0
0.5,0.37,0.63,0.219,0.781,1,0,1,0,22,18,104,105,104,110,0
0.452,0.308,0.692,0.269,0.731,0,0,1,0,20,20,104,105,103,106,0
0.483,0.345,0.655,0.357,0.643,1,0,1,0,22,23,106,109,110,111,0
0.333,0.3,0.7,0.414,0.586,1,0,1,0,16,26,106,112,102,102,1
0.407,0.4,0.6,0.571,0.429,0,1,0,1,21,31,103,105,104,104,1
0.742,0.4,0.6,0.37,0.63,2,0,1,1,31,29,107,105,105,105,1
0.586,0.321,0.679,0.533,0.467,0,1,0,0,24,32,104,104,108,105,0
0.793,0.556,0.444,0.379,0.621,1,1,0,1,36,24,110,105,110,111,1
0.5,0.31,0.69,0.387,0.613,2,0,0,0,21,20,97,100,99,105,1
0.75,0.625,0.375,0.3,0.7,3,1,0,1,39,17,114,107,106,112,1
0.724,0.357,0.643,0.37,0.63,2,0,0,1,29,22,105,105,105,105,0
0.714,0.433,0.567,0.793,0.207,1,1,1,1,31,45,105,105,118,105,0
0.433,0.296,0.704,0.4,0.6,1,1,1,0,19,24,100,106,100,101,1
0.667,0.571,0.429,0.571,0.429,0,1,0,1,34,34,100,95,108,105,0
0.438,0.308,0.692,0.4,0.6,0,0,0,0,20,26,104,105,102,102,1
0.467,0.345,0.655,0.767,0.233,1,1,1,0,22,41,106,109,106,98,1
0.429,0.4,0.6,0.296,0.704,1,1,0,0,22,21,103,105,103,106,1
0.655,0.517,0.483,0.345,0.655,2,0,1,1,32,25,109,104,101,101,0
0.258,0.111,0.889,0.533,0.467,0,0,1,0,9,33,105,113,100,99,0
0.567,0.321,0.679,0.296,0.704,2,1,1,1,24,20,104,104,100,106,0
0.517,0.31,0.69,0.586,0.414,2,1,1,0,22,35,98,100,108,105,0
0.536,0.367,0.633,0.8,0.2,1,1,1,0,24,46,110,111,118,105,1
0.7,0.357,0.643,0.742,0.258,0,0,1,0,29,41,105,106,106,98,0
0.5,0.387,0.613,0.375,0.625,3,0,0,1,24,20,101,102,99,106,0
0.483,0.393,0.607,0.367,0.633,3,1,0,0,23,26,105,105,101,101,1
0.357,0.29,0.71,0.286,0.714,1,0,1,0,17,21,106,112,103,106,0
0.536,0.333,0.667,0.552,0.448,0,0,1,0,23,31,107,110,104,104,0
0.645,0.571,0.429,0.548,0.452,0,1,1,1,34,33,100,95,108,105,0
0.75,0.4,0.6,0.433,0.567,0,0,1,0,32,31,107,105,105,105,1
0.571,0.387,0.613,0.517,0.483,4,0,0,0,26,32,102,102,109,104,1
0.481,0.242,0.758,0.4,0.6,1,1,1,1,19,23,104,110,103,105,0
0.455,0.308,0.692,0.556,0.444,0,1,0,1,21,37,104,105,111,105,0
0.69,0.6,0.4,0.321,0.679,4,1,1,1,36,21,108,105,101,106,1
0.25,0.111,0.889,0.393,0.607,1,1,1,0,9,24,105,113,105,105,0
0.8,0.571,0.429,0.357,0.643,2,0,0,0,38,29,111,106,105,106,1
0.552,0.367,0.633,0.308,0.692,3,0,1,1,25,21,110,111,104,105,0
0.586,0.355,0.645,0.31,0.69,1,0,1,0,26,22,101,101,98,100,1
0.857,0.774,0.226,0.419,0.581,4,1,1,1,46,24,118,105,103,105,1
0.759,0.625,0.375,0.387,0.613,2,0,0,1,40,24,114,107,101,102,0
0.667,0.562,0.438,0.567,0.433,0,1,0,1,34,32,108,104,104,104,1
0.633,0.548,0.452,0.31,0.69,2,1,0,1,34,22,101,99,103,106,0
0.69,0.419,0.581,0.345,0.655,1,1,0,1,31,23,105,106,106,109,1
0.357,0.394,0.606,0.75,0.25,0,1,0,0,21,42,99,106,106,98,0
0.345,0.29,0.71,0.242,0.758,4,0,1,1,17,19,106,112,104,110,1
0.633,0.5,0.5,0.321,0.679,2,0,0,0,32,24,108,104,104,104,1
0.625,0.571,0.429,0.333,0.667,2,0,0,0,34,23,100,95,107,110,1
0.586,0.387,0.613,0.6,0.4,3,1,1,0,27,37,102,102,108,105,1
0.677,0.345,0.655,0.4,0.6,2,1,1,0,29,33,105,106,108,105,0
0.806,0.571,0.429,0.333,0.667,2,0,1,1,39,23,111,105,106,109,1
0.6,0.355,0.645,0.31,0.69,2,0,0,1,27,24,101,101,104,104,1
0.862,0.774,0.226,0.562,0.438,3,1,1,1,47,35,118,105,107,104,1
0.484,0.333,0.667,0.625,0.375,2,0,1,0,23,40,103,106,114,108,0
0.345,0.394,0.606,0.323,0.677,1,0,0,0,21,23,99,106,107,110,0
0.448,0.406,0.594,0.367,0.633,2,0,1,1,24,25,102,105,110,111,1
0.586,0.548,0.452,0.406,0.594,4,1,0,0,32,25,103,104,101,102,0
0.6,0.387,0.613,0.29,0.71,1,1,0,0,28,18,102,102,106,112,1
0.533,0.355,0.645,0.111,0.889,0,0,0,1,25,9,110,111,105,114,1
0.656,0.345,0.655,0.548,0.452,0,0,1,0,29,34,105,106,100,99,1
0.679,0.545,0.455,0.758,0.242,2,1,1,1,35,43,108,104,106,98,0
0.5,0.414,0.586,0.571,0.429,0,1,0,1,25,35,105,105,100,95,0
0.441,0.333,0.667,0.3,0.7,0,0,0,1,22,22,104,105,98,100,1
0.7,0.419,0.581,0.235,0.765,3,0,0,0,32,19,105,106,104,110,1
0.452,0.31,0.69,0.423,0.577,1,1,1,1,21,34,101,106,108,105,1
0.645,0.5,0.5,0.581,0.419,2,0,1,0,33,37,108,104,108,105,1
0.812,0.571,0.429,0.387,0.613,3,1,1,1,40,29,111,105,102,103,0
0.5,0.29,0.71,0.333,0.667,3,0,1,0,22,23,97,100,103,106,1
0.867,0.774,0.226,0.107,0.893,1,0,0,0,48,9,118,105,105,114,1
0.733,0.636,0.364,0.333,0.667,4,1,1,1,41,23,114,107,104,105,1
0.483,0.424,0.576,0.345,0.655,1,1,0,0,26,30,101,102,105,106,1
0.484,0.323,0.677,0.31,0.69,3,1,0,1,23,22,106,109,101,106,1
0.333,0.394,0.606,0.548,0.452,1,0,0,1,21,32,99,106,103,104,1
0.467,0.406,0.594,0.3,0.7,2,0,0,1,25,24,103,105,104,104,0
0.548,0.355,0.645,0.531,0.469,1,0,0,0,26,34,110,111,100,99,0
0.613,0.355,0.645,0.562,0.438,1,0,0,0,28,37,101,101,108,105,0
0.655,0.545,0.455,0.323,0.677,2,1,0,1,35,25,107,104,104,104,1
0.464,0.229,0.771,0.765,0.235,1,1,1,0,19,44,104,110,106,98,0
0.484,0.414,0.586,0.281,0.719,1,0,1,1,25,18,105,105,107,112,1
0.71,0.419,0.581,0.323,0.677,1,0,0,0,33,23,106,105,102,106,1
0.656,0.5,0.5,0.344,0.656,0,1,0,0,34,24,108,104,107,109,1
0.758,0.407,0.593,0.586,0.414,2,1,1,1,34,36,108,105,100,95,0
0.7,0.576,0.424,0.531,0.469,1,0,0,0,38,32,108,105,103,104,0
0.788,0.571,0.429,0.414,0.586,3,1,0,1,40,26,111,106,105,105,1
0.516,0.29,0.71,0.424,0.576,1,1,1,0,23,27,97,100,101,102,1
0.742,0.636,0.364,0.333,0.667,2,0,1,0,42,30,115,108,105,106,0
0.5,0.323,0.677,0.5,0.5,1,1,1,0,24,35,106,109,108,104,0
0.469,0.3,0.7,0.774,0.226,0,1,1,0,22,49,101,106,118,105,0
0.452,0.406,0.594,0.321,0.679,3,0,1,0,25,23,102,105,105,105,0
0.613,0.406,0.594,0.355,0.645,1,0,1,1,30,26,102,103,110,111,0
0.594,0.355,0.645,0.333,0.667,0,0,1,1,28,24,101,101,107,110,1
0.448,0.229,0.771,0.312,0.688,1,0,1,0,19,25,104,110,104,104,0
0.613,0.545,0.455,0.273,0.727,3,0,0,0,35,18,100,99,107,112,1
0.719,0.419,0.581,0.6,0.4,2,1,1,1,34,37,106,105,100,95,1
0.735,0.407,0.593,0.781,0.219,0,1,1,1,34,50,107,105,118,105,1
0.567,0.545,0.455,0.29,0.71,2,1,1,0,33,24,103,104,97,99,1
0.677,0.576,0.424,0.571,0.429,2,1,0,0,38,41,107,105,111,105,1
0.667,0.545,0.455,0.636,0.364,2,0,1,0,36,42,108,104,115,108,0
0.5,0.412,0.588,0.3,0.7,3,0,0,1,27,22,101,102,101,107,1
0.5,0.4,0.6,0.375,0.625,1,1,0,0,26,27,105,105,110,111,0
0.469,0.312,0.688,0.355,0.645,2,1,0,0,23,29,103,106,101,102,1
0.355,0.394,0.606,0.323,0.677,2,0,1,0,22,24,99,105,105,109,0
0.438,0.406,0.594,0.103,0.897,0,0,0,1,25,9,102,105,105,114,0
0.741,0.771,0.229,0.355,0.645,2,1,0,1,45,31,106,98,105,106,1
0.667,0.516,0.484,0.407,0.593,3,1,0,1,36,35,108,104,107,105,0
0.636,0.581,0.419,0.345,0.655,3,1,0,1,37,24,100,95,105,105,0
0.594,0.406,0.594,0.758,0.242,1,0,1,1,30,50,102,103,118,105,1
0.367,0.265,0.735,0.333,0.667,1,1,0,0,18,26,107,112,104,104,1
0.517,0.324,0.676,0.419,0.581,3,1,1,1,24,35,107,110,106,105,1
0.581,0.545,0.455,0.552,0.448,3,0,1,0,34,41,103,104,110,105,0
0.531,0.281,0.719,0.545,0.455,1,1,1,1,24,36,97,99,101,99,1
0.433,0.229,0.771,0.576,0.424,1,1,0,0,19,39,104,110,107,105,0
0.485,0.4,0.6,0.545,0.455,1,0,1,1,26,36,105,105,108,105,1
0.485,0.312,0.688,0.771,0.229,3,1,1,0,24,46,103,106,106,98,0
0.344,0.394,0.606,0.412,0.588,1,1,0,0,22,28,99,105,101,101,1
0.455,0.29,0.71,0.344,0.656,1,1,0,0,22,25,101,107,105,108,1
0.387,0.265,0.735,0.406,0.594,1,0,1,0,19,35,107,112,106,106,1
0.618,0.581,0.419,0.133,0.867,2,1,0,1,37,10,100,96,105,114,1
0.743,0.429,0.571,0.516,0.484,0,0,1,0,36,36,107,105,108,104,0
0.606,0.406,0.594,0.529,0.471,1,0,0,1,31,36,102,103,107,105,0
0.531,0.394,0.606,0.324,0.676,0,0,1,0,28,26,110,111,104,104,0
0.719,0.647,0.353,0.529,0.471,2,0,1,1,43,36,115,108,101,99,1
0.516,0.4,0.6,0.567,0.433,2,1,0,0,28,42,101,102,111,106,1
0.5,0.4,0.6,0.531,0.469,1,1,0,0,27,37,105,105,108,104,1
0.471,0.29,0.71,0.344,0.656,3,0,1,0,23,29,101,107,101,102,0
0.533,0.324,0.676,0.129,0.871,1,0,1,0,25,10,107,110,105,114,1
0.75,0.778,0.222,0.367,0.633,4,1,1,1,47,25,106,98,105,105,1
0.562,0.545,0.455,0.344,0.656,3,0,1,1,34,31,103,104,105,106,0
0.545,0.281,0.719,0.394,0.606,3,0,0,1,25,35,97,99,106,106,1
0.419,0.229,0.771,0.312,0.688,0,0,1,0,19,24,104,110,103,106,0
0.485,0.333,0.667,0.735,0.265,0,0,0,0,25,50,105,108,117,105,0
0.406,0.265,0.735,0.588,0.412,1,1,1,0,20,40,107,112,107,105,1
0.424,0.406,0.594,0.581,0.419,1,1,0,0,25,38,102,105,100,96,0
0.722,0.429,0.571,0.394,0.606,4,1,0,1,36,23,107,105,99,105,1
0.545,0.545,0.455,0.743,0.257,1,1,0,1,34,51,103,104,117,105,0
0.548,0.343,0.657,0.364,0.636,1,1,0,1,27,32,104,104,105,106,1
0.794,0.548,0.452,0.4,0.6,2,1,0,0,42,29,110,106,102,101,0
0.515,0.394,0.606,0.406,0.594,2,0,0,1,28,25,110,111,102,105,1
0.606,0.364,0.636,0.406,0.594,2,0,1,1,30,31,102,102,102,103,1
0.645,0.543,0.457,0.571,0.429,2,0,1,0,37,40,107,104,107,105,1
0.625,0.514,0.486,0.125,0.875,2,0,0,1,36,10,101,100,105,114,0
0.364,0.382,0.618,0.333,0.667,2,0,0,0,23,25,99,105,105,108,0
0.457,0.29,0.71,0.4,0.6,0,1,1,0,23,28,101,107,105,105,0
0.759,0.778,0.222,0.647,0.353,3,1,1,1,48,44,106,98,115,108,1
0.629,0.594,0.406,0.333,0.667,1,1,0,0,39,25,100,96,103,106,1
0.559,0.281,0.719,0.229,0.771,4,0,0,0,26,19,97,99,103,110,1
0.727,0.382,0.618,0.324,0.676,1,1,1,0,35,26,106,106,107,110,0
0.424,0.265,0.735,0.429,0.571,2,1,0,1,21,37,107,112,107,105,0
0.529,0.545,0.455,0.152,0.848,4,1,0,0,34,11,103,104,105,114,1
0.529,0.394,0.606,0.448,0.552,0,1,1,1,29,38,110,111,108,105,0
0.871,0.75,0.25,0.556,0.444,2,0,0,0,52,40,117,105,107,105,0
0.727,0.629,0.371,0.594,0.406,3,1,1,1,44,40,115,108,100,96,0
0.667,0.353,0.647,0.364,0.636,2,1,1,0,32,31,104,105,102,102,1
0.531,0.417,0.583,0.343,0.657,2,1,1,0,30,28,102,101,104,104,1
0.514,0.419,0.581,0.353,0.647,4,1,0,1,29,26,105,104,105,108,1
0.457,0.355,0.645,0.543,0.457,0,1,1,1,25,38,104,105,107,104,1
0.471,0.324,0.676,0.515,0.485,2,0,1,0,25,37,102,106,107,104,0
0.353,0.382,0.618,0.394,0.606,2,0,0,1,23,31,99,105,102,103,1
0.767,0.778,0.222,0.394,0.606,3,0,0,1,49,25,106,98,102,105,1
0.618,0.353,0.647,0.548,0.452,1,0,0,1,31,42,102,102,110,106,1
0.606,0.514,0.486,0.528,0.472,2,0,1,0,36,38,101,100,107,104,0
0.706,0.382,0.618,0.778,0.222,1,1,1,0,35,50,106,106,106,98,1
0.412,0.265,0.735,0.222,0.778,4,0,0,1,21,19,107,112,104,110,0
0.548,0.343,0.657,0.29,0.71,2,0,0,1,27,23,108,110,101,107,1
0.543,0.545,0.455,0.529,0.471,1,1,0,0,35,38,103,104,107,103,1
0.588,0.382,0.618,0.629,0.371,1,0,0,0,31,44,102,103,115,108,0
0.562,0.333,0.667,0.382,0.618,2,1,0,1,28,24,104,104,99,105,1
0.571,0.281,0.719,0.147,0.853,1,0,1,1,27,11,98,99,105,114,1
0.514,0.394,0.606,0.568,0.432,0,1,0,0,29,41,110,111,107,105,1
0.528,0.419,0.581,0.353,0.647,2,1,0,1,30,33,105,104,105,105,1
0.472,0.355,0.645,0.75,0.25,0,0,1,1,26,52,104,104,116,105,1
0.412,0.382,0.618,0.467,0.533,1,1,1,0,25,39,102,105,108,106,0
0.576,0.333,0.667,0.324,0.676,1,0,0,1,29,25,104,104,102,105,0
0.583,0.281,0.719,0.265,0.735,1,0,0,1,28,21,98,99,107,112,0
0.629,0.353,0.647,0.343,0.657,3,0,1,1,32,26,102,102,105,108,1
0.656,0.541,0.459,0.281,0.719,2,0,0,1,39,23,107,104,101,107,1
0.588,0.514,0.486,0.545,0.455,1,1,1,0,36,36,101,100,103,104,0
0.545,0.417,0.583,0.514,0.486,1,0,1,1,31,38,102,101,107,103,1
0.541,0.419,0.581,0.355,0.645,2,1,1,1,31,27,105,104,104,104,1
0.714,0.382,0.618,0.606,0.394,2,1,1,0,36,41,106,106,100,96,1
0.371,0.371,0.629,0.531,0.469,0,0,0,0,24,42,99,105,110,106,0
0.562,0.343,0.657,0.484,0.516,1,1,1,1,28,40,108,110,108,106,0
0.4,0.382,0.618,0.394,0.606,2,1,0,0,25,30,102,106,110,111,0
0.774,0.757,0.243,0.73,0.27,2,0,0,1,50,52,106,98,116,105,1
0.688,0.553,0.447,0.382,0.618,1,0,0,0,41,31,107,105,102,103,1
0.242,0.143,0.857,0.333,0.667,4,0,0,1,11,26,105,114,105,108,1
0.706,0.639,0.361,0.545,0.455,2,1,0,0,45,43,115,108,110,106,1
0.676,0.343,0.657,0.417,0.583,3,1,1,0,33,32,104,105,102,101,1
0.406,0.243,0.757,0.273,0.727,2,0,0,0,20,23,104,110,101,108,0
0.4,0.286,0.714,0.343,0.657,1,0,1,0,22,28,107,112,108,110,0
0.559,0.333,0.667,0.371,0.629,2,0,0,0,29,31,105,104,101,103,0
0.528,0.412,0.588,0.243,0.757,3,0,1,0,31,20,110,110,104,111,1
0.571,0.514,0.486,0.419,0.581,1,1,1,0,36,32,101,100,105,104,1
0.486,0.344,0.656,0.5,0.5,1,1,1,1,27,41,104,104,109,106,1
0.389,0.382,0.618,0.371,0.629,0,0,0,0,25,24,102,106,99,106,1
0.781,0.757,0.243,0.559,0.441,2,1,1,1,51,37,106,98,103,104,1
0.647,0.5,0.5,0.281,0.719,0,0,1,1,38,28,107,103,98,99,1
0.639,0.588,0.412,0.541,0.459,0,1,1,1,41,40,100,96,107,104,1
0.265,0.143,0.857,0.382,0.618,2,1,1,0,12,37,105,114,106,106,0
0.771,0.529,0.471,0.353,0.647,3,1,1,0,43,33,110,106,102,102,1
0.844,0.711,0.289,0.294,0.706,2,1,0,0,52,24,116,105,102,108,1
0.457,0.343,0.657,0.361,0.639,0,1,0,0,26,29,102,106,108,110,1
0.471,0.324,0.676,0.343,0.657,0,1,0,0,26,34,105,108,104,105,1
0.697,0.553,0.447,0.344,0.656,1,1,0,1,42,28,107,105,104,104,1
0.571,0.389,0.611,0.514,0.486,1,1,0,0,32,37,102,103,101,100,0
0.639,0.343,0.657,0.588,0.412,0,1,0,1,33,42,102,102,100,96,0
0.714,0.639,0.361,0.237,0.763,2,0,0,0,46,20,115,108,104,111,1
0.686,0.333,0.667,0.333,0.667,3,0,0,0,34,29,104,105,105,104,1
0.667,0.526,0.474,0.406,0.594,1,0,1,1,40,32,107,104,104,104,0
0.559,0.405,0.595,0.343,0.657,0,1,1,1,32,27,102,101,102,105,1
0.389,0.286,0.714,0.382,0.618,1,1,0,0,22,26,107,112,103,106,0
0.788,0.757,0.243,0.351,0.649,1,0,1,0,52,29,106,98,108,110,0
0.73,0.485,0.515,0.273,0.727,0,0,0,1,41,28,109,106,98,99,0
0.556,0.543,0.457,0.528,0.472,1,1,1,1,37,38,103,104,101,100,0
0.778,0.529,0.471,0.6,0.4,1,1,1,1,44,43,110,106,100,96,1
0.541,0.412,0.588,0.526,0.474,1,0,0,1,32,40,110,110,107,104,1
0.848,0.711,0.289,0.361,0.639,2,0,0,0,53,24,116,105,99,106,1
0.486,0.324,0.676,0.143,0.857,0,0,1,0,27,12,105,108,105,114,0
0.657,0.5,0.5,0.4,0.6,1,1,1,0,39,38,107,103,106,106,0
0.257,0.167,0.833,0.553,0.447,1,1,1,1,13,43,105,114,107,105,0
0.622,0.343,0.657,0.5,0.5,2,0,1,1,33,39,101,102,107,103,0
0.394,0.231,0.769,0.424,0.576,1,1,0,0,20,33,104,111,104,104,0
0.571,0.405,0.595,0.333,0.667,1,0,1,1,33,28,102,101,104,104,1
0.472,0.333,0.667,0.639,0.361,2,1,1,1,27,47,102,105,115,108,1
0.444,0.286,0.714,0.294,0.706,0,1,0,0,24,29,102,108,98,99,1
0.378,0.286,0.714,0.351,0.649,1,0,0,1,22,24,107,112,99,106,0
0.711,0.485,0.515,0.389,0.611,2,0,1,1,41,32,109,106,101,103,1
0.541,0.543,0.457,0.368,0.632,2,1,0,1,37,30,103,104,108,110,0
0.556,0.378,0.622,0.583,0.417,1,0,1,1,32,43,101,103,100,96,1
0.543,0.324,0.676,0.485,0.515,2,1,0,0,29,42,104,104,109,106,1
0.553,0.412,0.588,0.622,0.378,0,0,1,1,33,47,111,110,115,108,0
0.853,0.711,0.289,0.441,0.559,2,1,1,0,54,34,116,105,104,104,1
0.647,0.513,0.487,0.529,0.471,0,1,1,0,40,45,107,105,110,106,1
0.583,0.541,0.459,0.757,0.243,2,0,1,1,39,52,101,100,106,98,1
0.722,0.417,0.583,0.4,0.6,3,1,1,1,39,27,106,106,103,106,1
0.25,0.167,0.833,0.286,0.714,1,0,1,0,13,29,105,113,97,100,0
0.605,0.343,0.657,0.286,0.714,1,0,0,0,33,22,101,102,107,112,1
0.382,0.231,0.769,0.514,0.486,0,0,1,0,20,45,104,111,110,106,0
0.583,0.405,0.595,0.385,0.615,1,1,1,0,34,31,102,101,108,110,0
0.486,0.333,0.667,0.324,0.676,4,0,0,1,28,28,103,105,104,105,1
0.459,0.286,0.714,0.564,0.436,0,1,1,1,25,44,102,107,107,104,1
0.765,0.737,0.263,0.389,0.611,3,0,1,1,52,27,106,98,102,106,1
0.639,0.514,0.486,0.333,0.667,3,1,0,1,40,35,106,103,104,104,1
0.706,0.55,0.45,0.471,0.529,1,0,1,1,44,42,107,104,108,106,1
0.556,0.324,0.676,0.543,0.457,2,0,0,0,30,37,104,104,103,104,1
0.722,0.632,0.368,0.412,0.588,4,0,1,1,48,33,115,108,111,110,1
0.694,0.324,0.676,0.568,0.432,2,0,0,0,35,43,104,105,100,96,1
0.657,0.513,0.487,0.324,0.676,2,0,1,0,41,27,107,104,105,108,1
0.73,0.417,0.583,0.711,0.289,1,1,1,1,40,55,106,105,116,104,0
0.361,0.368,0.632,0.286,0.714,2,1,1,0,25,26,99,106,102,107,1
0.243,0.167,0.833,0.343,0.657,2,1,0,1,13,34,105,113,101,102,1
0.568,0.306,0.694,0.718,0.282,0,1,1,1,30,56,98,100,116,104,0
0.371,0.231,0.769,0.513,0.487,0,1,1,0,20,42,104,111,107,104,0
0.568,0.405,0.595,0.278,0.722,2,0,0,1,34,22,102,102,107,112,1
0.5,0.314,0.686,0.737,0.263,0,1,0,0,28,53,104,105,106,98,0
0.5,0.333,0.667,0.541,0.459,2,1,1,0,29,40,103,106,101,100,1
0.545,0.4,0.6,0.429,0.571,1,0,1,1,32,34,108,109,104,104,0
0.649,0.514,0.486,0.378,0.622,0,1,0,0,41,33,106,103,101,103,1
0.714,0.55,0.45,0.324,0.676,3,1,0,1,45,36,107,104,104,104,1
0.568,0.368,0.632,0.333,0.667,2,0,1,0,33,34,102,103,101,102,1
0.538,0.4,0.6,0.528,0.472,1,1,0,1,33,46,111,110,110,106,1
0.711,0.417,0.583,0.278,0.722,2,0,1,1,40,26,106,106,102,107,1
0.378,0.368,0.632,0.324,0.676,2,1,1,0,26,31,100,106,104,104,0
0.405,0.378,0.622,0.444,0.556,0,1,0,1,27,35,102,106,104,104,0
0.649,0.553,0.447,0.316,0.684,2,0,0,0,43,27,100,96,105,108,1
0.718,0.457,0.543,0.528,0.472,1,0,0,1,42,37,108,106,103,104,1
0.263,0.167,0.833,0.27,0.73,0,0,0,0,14,22,105,113,107,112,1
0.553,0.306,0.694,0.525,0.475,1,1,1,0,30,43,97,100,108,104,1
0.579,0.405,0.595,0.514,0.486,1,1,1,1,35,42,103,101,107,103,0
0.529,0.4,0.6,0.308,0.692,2,0,0,1,32,27,108,109,105,108,1
0.771,0.744,0.256,0.526,0.474,2,0,1,0,54,40,106,98,101,100,1
0.722,0.55,0.45,0.263,0.737,1,0,0,0,46,22,107,104,107,112,1
0.579,0.368,0.632,0.27,0.73,3,0,0,1,34,26,102,103,102,107,0
0.568,0.342,0.658,0.514,0.486,0,0,1,1,32,46,104,104,110,106,0
0.857,0.725,0.275,0.378,0.622,4,0,0,1,57,27,116,104,102,106,1
0.73,0.632,0.368,0.333,0.667,2,1,1,0,49,30,115,108,103,105,1
0.703,0.316,0.684,0.4,0.6,0,1,0,0,36,34,104,105,111,111,0
0.361,0.231,0.769,0.314,0.686,3,0,0,0,20,28,104,112,104,105,1
0.553,0.459,0.541,0.514,0.486,1,0,0,0,36,37,104,104,103,104,1
0.368,0.368,0.632,0.324,0.676,1,0,0,1,26,34,100,106,101,102,1
0.725,0.457,0.543,0.167,0.833,2,1,1,0,43,15,108,106,105,113,1
0.784,0.526,0.474,0.457,0.543,3,1,1,1,47,44,110,106,108,106,0
0.564,0.306,0.694,0.526,0.474,2,1,1,1,31,43,97,100,107,103,0
0.667,0.512,0.488,0.553,0.447,4,1,0,1,43,44,108,104,100,96,1
0.543,0.4,0.6,0.306,0.694,2,0,0,1,33,28,108,109,104,105,1
0.778,0.744,0.256,0.3,0.7,1,0,0,1,55,27,106,98,105,108,1
0.526,0.5,0.5,0.162,0.838,4,0,1,0,37,15,103,104,105,113,0
0.73,0.55,0.45,0.405,0.595,1,0,1,1,47,35,107,105,102,101,1
0.553,0.342,0.658,0.256,0.744,1,0,0,1,32,22,104,104,107,112,1
0.55,0.417,0.583,0.324,0.676,3,0,1,0,35,30,111,111,103,105,0
0.861,0.725,0.275,0.513,0.487,2,0,0,1,58,40,116,104,100,100,1
0.737,0.632,0.368,0.417,0.583,3,1,0,1,50,41,115,108,106,105,1
0.684,0.316,0.684,0.289,0.711,3,1,0,1,36,27,104,105,102,107,1
0.676,0.512,0.488,0.368,0.632,3,0,0,1,44,27,108,104,102,106,0
0.378,0.231,0.769,0.4,0.6,0,1,1,0,21,34,104,112,108,109,0
0.564,0.459,0.541,0.368,0.632,1,0,1,1,37,34,104,104,102,103,0
0.55,0.306,0.694,0.405,0.595,3,0,1,0,31,41,97,100,107,106,0
0.472,0.293,0.707,0.316,0.684,1,0,0,0,27,34,105,108,101,102,1
0.395,0.385,0.615,0.5,0.5,1,0,0,0,28,40,102,106,100,100,1
0.784,0.744,0.256,0.526,0.474,1,0,1,1,56,47,106,98,110,106,1
0.658,0.538,0.462,0.368,0.632,4,1,0,1,44,27,106,102,100,106,1
0.658,0.538,0.462,0.342,0.658,1,1,0,0,44,31,100,96,103,105,1
0.513,0.5,0.5,0.25,0.75,2,0,0,0,37,22,103,104,107,113,1
0.282,0.184,0.816,0.282,0.718,3,0,1,1,16,27,106,113,102,107,0
0.564,0.342,0.658,0.459,0.541,2,0,1,1,33,37,105,104,104,104,0
0.615,0.308,0.692,0.395,0.605,2,0,0,0,34,35,101,102,102,102,0
0.744,0.632,0.368,0.725,0.275,0,1,1,1,51,59,115,108,115,104,0
0.692,0.316,0.684,0.297,0.703,1,0,0,0,37,28,104,105,104,105,0
0.368,0.231,0.769,0.472,0.528,0,1,1,0,21,45,104,112,109,106,0
0.556,0.415,0.585,0.417,0.583,4,0,1,1,35,35,107,108,111,111,1
0.737,0.55,0.45,0.474,0.526,1,1,0,1,48,38,107,105,104,104,0
0.658,0.512,0.488,0.486,0.514,1,1,1,0,44,46,107,104,109,106,1
0.595,0.488,0.512,0.316,0.684,2,0,1,0,40,37,100,100,104,105,1
0.513,0.333,0.667,0.306,0.694,1,0,0,0,31,31,103,105,97,100,1
0.486,0.293,0.707,0.41,0.59,0,1,0,0,28,36,105,108,102,102,0
0.385,0.359,0.641,0.421,0.579,0,1,0,0,27,42,100,106,106,106,0
0.474,0.3,0.7,0.5,0.5,1,1,0,1,28,38,102,107,103,104,0
0.41,0.385,0.615,0.538,0.462,1,1,0,0,29,45,102,106,100,96,0
0.789,0.744,0.256,0.732,0.268,2,1,1,1,57,60,106,98,115,104,0
0.667,0.538,0.462,0.342,0.658,2,0,1,1,45,33,107,102,105,104,0
0.564,0.385,0.615,0.513,0.487,1,0,0,1,35,47,102,103,110,106,1
0.6,0.308,0.692,0.184,0.816,1,0,1,0,34,16,101,102,105,113,1
0.487,0.316,0.684,0.231,0.769,1,0,0,0,29,21,105,105,104,112,1
0.368,0.244,0.756,0.512,0.488,0,1,0,0,22,45,106,112,108,104,0
0.568,0.415,0.585,0.632,0.368,2,0,1,1,36,51,108,109,115,108,1
0.718,0.55,0.45,0.359,0.641,2,0,0,1,48,27,107,105,100,106,1
0.55,0.359,0.641,0.405,0.595,2,0,0,1,34,35,105,104,111,111,1
0.763,0.5,0.5,0.3,0.7,2,0,1,0,47,28,109,106,102,107,1
0.865,0.738,0.262,0.615,0.385,4,0,0,1,61,51,115,104,115,108,1
0.605,0.488,0.512,0.297,0.703,3,0,0,0,41,31,100,100,97,100,1
0.564,0.425,0.575,0.293,0.707,3,0,1,0,37,28,102,101,104,108,0
0.55,0.487,0.513,0.308,0.692,3,1,0,0,39,35,104,104,100,102,1
0.525,0.333,0.667,0.385,0.615,3,0,1,1,32,29,103,105,102,106,1
0.718,0.436,0.564,0.744,0.256,1,0,1,0,43,57,107,106,106,98,0
0.65,0.538,0.462,0.308,0.692,3,0,0,1,45,37,107,103,104,105,1
0.667,0.55,0.45,0.474,0.526,0,0,1,0,46,46,100,96,109,107,1
0.275,0.179,0.821,0.35,0.65,3,0,0,1,16,27,105,112,100,106,1
0.575,0.385,0.615,0.513,0.487,1,1,1,0,36,39,102,103,102,104,1
0.667,0.524,0.476,0.225,0.775,4,0,0,0,46,21,108,104,104,112,1
0.5,0.316,0.684,0.375,0.625,0,0,0,0,30,29,105,105,102,106,0
0.579,0.415,0.585,0.244,0.756,3,0,0,1,37,22,108,109,107,112,1
0.293,0.179,0.821,0.5,0.5,0,0,1,0,17,39,105,112,102,104,1
0.769,0.5,0.5,0.3,0.7,2,0,0,0,48,37,109,106,104,105,1
0.868,0.738,0.262,0.462,0.538,2,0,0,1,62,46,115,104,109,107,1
0.359,0.22,0.78,0.488,0.512,0,1,1,0,21,42,104,112,100,100,1
0.55,0.425,0.575,0.395,0.605,1,0,0,1,37,35,102,101,111,111,0
0.561,0.487,0.513,0.289,0.711,0,0,0,1,40,31,104,104,97,100,0
0.537,0.333,0.667,0.385,0.615,0,1,1,0,33,37,104,105,102,103,0
0.474,0.31,0.69,0.55,0.45,1,1,0,1,29,49,104,108,107,105,0
0.7,0.436,0.564,0.359,0.641,2,1,1,1,43,35,106,106,105,104,0
0.359,0.238,0.762,0.6,0.4,1,0,0,0,22,51,107,113,115,108,0
0.769,0.75,0.25,0.55,0.45,1,1,1,1,58,47,106,98,100,96,1
0.659,0.538,0.462,0.293,0.707,4,0,0,1,46,28,107,103,102,107,1
0.488,0.316,0.684,0.415,0.585,2,1,1,1,30,38,105,106,108,109,1
0.775,0.5,0.5,0.341,0.659,3,0,0,0,49,27,110,107,100,107,1
0.872,0.738,0.262,0.316,0.684,4,1,0,1,63,31,115,104,105,106,1
0.675,0.293,0.707,0.538,0.462,0,1,1,0,37,47,104,105,107,103,1
0.524,0.333,0.667,0.41,0.59,1,1,0,1,33,36,104,105,111,111,0
0.462,0.31,0.69,0.4,0.6,0,1,1,0,29,38,104,108,102,103,1
0.683,0.436,0.564,0.487,0.513,1,0,1,1,43,40,106,106,104,104,1
0.462,0.286,0.714,0.179,0.821,1,1,1,0,28,18,102,107,105,112,0
0.4,0.39,0.61,0.308,0.692,0,1,0,0,30,32,102,106,98,100,1
0.775,0.75,0.25,0.476,0.524,2,0,1,0,59,42,106,98,100,100,1
0.675,0.537,0.463,0.405,0.595,2,0,1,1,47,38,100,96,108,109,1
0.732,0.45,0.55,0.375,0.625,2,1,1,0,46,36,109,107,105,104,1
0.725,0.561,0.439,0.5,0.5,2,1,1,0,50,50,107,105,110,106,0
0.561,0.366,0.634,0.425,0.575,2,0,0,1,36,37,105,104,102,101,0
0.61,0.3,0.7,0.525,0.475,2,0,1,0,35,47,101,102,107,103,0
0.725,0.61,0.39,0.425,0.575,4,1,1,0,52,37,115,109,111,111,1
0.675,0.524,0.476,0.3,0.7,2,0,1,1,47,32,108,104,97,100,1
0.615,0.465,0.535,0.436,0.564,3,1,0,1,42,44,100,100,106,105,0
0.35,0.238,0.762,0.738,0.262,1,1,1,0,22,64,107,113,116,104,0
0.78,0.75,0.25,0.22,0.78,2,1,0,1,60,22,105,98,104,112,0
0.525,0.488,0.512,0.561,0.439,2,0,1,1,39,50,102,104,107,105,1
0.683,0.293,0.707,0.475,0.525,2,0,0,0,38,40,104,105,104,104,1
0.475,0.31,0.69,0.45,0.55,0,1,0,1,30,47,104,108,109,107,0
0.375,0.333,0.667,0.2,0.8,0,1,1,0,27,19,100,107,106,112,1
0.45,0.286,0.714,0.39,0.61,0,0,1,0,28,38,102,108,102,103,0
0.59,0.395,0.605,0.308,0.692,2,0,1,1,38,31,108,109,105,106,1
0.78,0.512,0.488,0.488,0.512,1,1,0,1,51,40,110,106,102,104,0
0.537,0.293,0.707,0.75,0.25,2,0,1,1,32,60,97,100,105,98,0
0.537,0.415,0.585,0.333,0.667,3,0,0,1,37,33,111,111,104,106,1
0.732,0.61,0.39,0.3,0.7,1,0,0,0,53,35,115,108,101,102,0
0.375,0.238,0.762,0.39,0.61,1,1,1,0,23,31,104,111,102,106,1
0.6,0.465,0.535,0.31,0.69,2,0,1,0,42,30,100,100,104,108,1
0.341,0.238,0.762,0.45,0.55,1,1,1,0,22,45,107,113,106,105,1
0.667,0.537,0.463,0.439,0.561,2,1,0,1,48,38,107,103,102,101,1
0.683,0.537,0.463,0.3,0.7,3,0,0,1,48,31,100,96,105,106,1
0.31,0.195,0.805,0.405,0.595,1,1,0,1,19,39,106,112,102,103,1
0.548,0.366,0.634,0.548,0.452,2,0,0,1,36,50,105,104,107,105,0
0.875,0.744,0.256,0.325,0.675,3,0,0,1,65,33,116,104,104,106,1
0.39,0.333,0.667,0.293,0.707,0,1,1,0,28,39,101,107,104,105,0
0.439,0.286,0.714,0.463,0.537,0,0,0,0,28,40,102,108,104,104,0
0.6,0.395,0.605,0.537,0.463,2,1,1,0,39,49,108,108,100,96,1
0.762,0.756,0.244,0.524,0.476,2,1,1,1,61,48,105,98,108,104,0
0.738,0.463,0.537,0.429,0.571,3,0,1,0,48,38,109,107,102,101,0
0.537,0.5,0.5,0.512,0.488,3,0,1,0,41,51,103,104,110,106,1
0.548,0.415,0.585,0.439,0.561,1,0,1,1,38,45,111,111,106,105,0
0.39,0.238,0.762,0.293,0.707,3,0,0,1,24,31,104,111,105,106,1
0.61,0.465,0.535,0.317,0.683,1,1,0,0,43,36,100,99,101,102,0
0.463,0.302,0.698,0.537,0.463,1,1,1,1,30,49,104,107,106,102,0
0.357,0.238,0.762,0.293,0.707,3,0,0,0,23,32,107,113,97,100,1
0.415,0.381,0.619,0.61,0.39,0,0,1,1,31,53,102,106,115,109,0
0.707,0.558,0.442,0.195,0.805,3,1,0,0,51,20,107,105,106,112,1
0.585,0.395,0.605,0.333,0.667,2,0,1,0,39,28,102,103,101,107,1
0.595,0.333,0.667,0.463,0.537,1,0,1,0,37,48,101,102,109,107,0
0.878,0.744,0.256,0.524,0.476,3,0,1,1,66,49,116,104,100,96,0
0.683,0.535,0.465,0.619,0.381,2,1,0,1,49,54,108,104,115,109,1
0.537,0.442,0.558,0.5,0.5,2,0,0,1,39,51,102,101,110,107,1
0.548,0.476,0.524,0.366,0.634,1,0,0,0,41,36,103,104,105,104,1
0.429,0.286,0.714,0.31,0.69,1,1,1,0,28,40,102,107,104,105,0
0.61,0.395,0.605,0.756,0.244,3,0,1,0,40,61,108,108,105,98,1
0.548,0.5,0.5,0.357,0.643,2,0,0,1,42,36,103,104,105,104,1
0.524,0.286,0.714,0.415,0.585,2,0,1,0,32,38,97,100,111,111,0
0.405,0.238,0.762,0.317,0.683,0,0,0,1,25,33,104,111,104,106,1
0.5,0.286,0.714,0.452,0.548,0,1,0,0,31,46,105,106,106,105,0
0.405,0.381,0.619,0.238,0.762,3,1,1,1,31,24,102,106,107,113,1
0.714,0.558,0.442,0.476,0.524,1,1,1,0,52,42,107,105,103,103,1
0.595,0.395,0.605,0.19,0.81,3,0,1,1,40,20,102,102,106,112,1
0.762,0.488,0.512,0.548,0.452,3,1,1,0,51,50,110,107,106,102,0
0.857,0.744,0.256,0.238,0.762,3,1,1,1,66,26,115,104,104,111,1
0.714,0.605,0.395,0.286,0.714,4,0,0,0,54,31,115,109,105,106,1
0.69,0.326,0.674,0.5,0.5,0,1,1,1,41,43,105,105,103,104,1
0.69,0.535,0.465,0.381,0.619,3,1,0,1,50,32,108,104,102,106,1
0.595,0.465,0.535,0.286,0.714,3,0,0,0,43,32,100,99,97,100,0
0.548,0.442,0.558,0.476,0.524,1,1,0,0,40,49,103,102,109,107,1
0.452,0.302,0.698,0.286,0.714,3,0,0,0,30,28,104,107,102,108,1
0.69,0.465,0.535,0.429,0.571,3,1,0,0,47,39,106,105,111,111,0
0.381,0.326,0.674,0.333,0.667,1,0,1,1,28,37,100,107,101,102,1
0.619,0.395,0.605,0.31,0.69,3,0,0,1,41,33,108,108,104,106,0
0.69,0.535,0.465,0.738,0.262,2,0,0,1,50,61,100,96,105,98,1
0.744,0.488,0.512,0.326,0.674,2,1,1,0,51,42,110,107,105,105,1
0.698,0.535,0.465,0.535,0.465,4,1,1,1,51,51,108,104,100,96,0
0.744,0.721,0.279,0.465,0.535,2,0,0,0,61,43,105,98,100,99,1
0.674,0.558,0.442,0.465,0.535,2,0,1,1,51,42,106,102,103,103,0
0.721,0.558,0.442,0.395,0.605,1,1,1,1,53,41,108,105,102,102,0
0.86,0.744,0.256,0.395,0.605,3,0,1,1,67,41,115,104,107,108,1
0.721,0.605,0.395,0.465,0.535,3,0,1,1,55,47,115,109,106,105,1
0.721,0.465,0.535,0.488,0.512,1,0,1,0,49,43,109,107,103,104,1
0.75,0.488,0.512,0.318,0.682,2,0,1,0,52,42,110,107,105,105,1
0.75,0.721,0.279,0.455,0.545,2,0,0,0,62,43,105,97,100,100,1
0.705,0.558,0.442,0.409,0.591,1,1,1,1,53,42,107,105,102,102,0
0.682,0.535,0.465,0.545,0.455,4,1,1,1,51,52,108,104,100,96,1
0.659,0.558,0.442,0.477,0.523,2,1,0,1,51,43,106,102,103,103,1
0.864,0.744,0.256,0.386,0.614,3,0,0,0,68,41,115,104,107,108,1
0.727,0.605,0.395,0.455,0.545,3,0,0,0,56,47,115,109,106,105,1
0.727,0.465,0.535,0.477,0.523,1,0,0,1,50,43,109,107,103,104,1
0.698,0.311,0.689,0.488,0.512,2,1,1,1,42,53,105,105,110,107,0
0.581,0.444,0.556,0.721,0.279,2,1,1,0,43,63,100,100,105,97,1
0.558,0.467,0.533,0.558,0.442,1,1,0,0,43,52,103,103,106,102,1
0.605,0.422,0.578,0.558,0.442,3,0,0,1,43,53,103,102,107,105,0
0.674,0.444,0.556,0.605,0.395,0,1,1,0,47,57,106,106,115,109,1
0.698,0.533,0.467,0.535,0.465,0,1,0,1,52,52,100,96,108,104,0
0.558,0.467,0.533,0.465,0.535,3,1,1,0,43,51,103,104,109,107,1
0.591,0.444,0.556,0.705,0.295,2,0,1,0,44,63,100,100,105,97,1
0.568,0.467,0.533,0.545,0.455,1,0,1,1,44,52,103,103,106,102,0
0.605,0.378,0.622,0.744,0.256,0,1,1,0,41,69,107,108,115,104,0
0.591,0.422,0.578,0.568,0.432,3,1,0,1,43,54,102,102,107,105,0
0.682,0.311,0.689,0.5,0.5,2,1,1,0,42,54,105,105,110,107,0
0.682,0.444,0.556,0.591,0.409,0,0,1,0,48,57,106,106,115,109,0
0.682,0.533,0.467,0.545,0.455,0,1,1,1,52,53,100,96,108,104,1
0.568,0.467,0.533,0.455,0.545,3,0,1,0,44,51,103,104,109,107,1
0.591,0.378,0.622,0.75,0.25,0,1,1,0,41,70,107,108,115,104,0
0.667,0.556,0.444,0.467,0.533,2,0,1,1,53,44,105,102,103,103,1
0.733,0.6,0.4,0.444,0.556,3,0,1,1,58,48,115,109,106,106,1
0.689,0.533,0.467,0.533,0.467,4,1,0,1,53,53,108,104,100,96,0
0.756,0.689,0.311,0.444,0.556,2,1,1,1,63,45,105,97,100,100,1
0.689,0.578,0.422,0.422,0.578,1,0,0,0,55,43,107,105,102,102,1
0.733,0.444,0.556,0.467,0.533,1,1,1,1,51,45,109,107,103,104,1
0.6,0.435,0.565,0.689,0.311,2,1,0,1,45,64,100,100,105,98,0
0.556,0.457,0.543,0.556,0.444,1,1,1,1,44,54,103,103,106,102,0
0.578,0.457,0.543,0.444,0.556,3,1,0,1,45,52,103,104,108,107,0
0.578,0.413,0.587,0.578,0.422,3,1,1,0,43,56,102,102,107,105,0
0.689,0.543,0.457,0.533,0.467,0,0,0,0,54,53,100,96,108,104,0
0.696,0.587,0.413,0.457,0.543,1,1,1,1,57,53,107,104,109,107,1
0.674,0.543,0.457,0.543,0.457,4,0,1,0,54,54,108,103,100,96,0
0.756,0.511,0.489,0.565,0.435,3,1,1,1,55,55,110,107,105,102,1
0.761,0.696,0.304,0.6,0.4,3,1,1,0,65,59,105,98,115,109,0
0.702,0.587,0.413,0.447,0.553,1,0,1,1,58,53,107,104,109,107,1
0.867,0.756,0.244,0.553,0.447,3,1,0,1,71,55,116,104,100,96,1
0.761,0.511,0.489,0.553,0.447,3,0,1,1,56,55,110,107,105,102,1
0.745,0.696,0.304,0.609,0.391,3,1,1,1,65,60,105,98,115,109,1
0.87,0.756,0.244,0.542,0.458,3,0,1,1,72,55,115,104,100,96,1
0.739,0.438,0.562,0.587,0.413,2,1,1,1,53,59,109,107,108,105,1
0.739,0.596,0.404,0.696,0.304,1,1,0,1,60,66,115,109,105,98,0
0.674,0.542,0.458,0.511,0.489,1,1,1,1,55,57,105,102,110,107,0
0.674,0.531,0.469,0.756,0.244,1,1,1,1,55,73,100,97,115,104,0
0.723,0.596,0.404,0.702,0.298,1,1,1,1,60,67,114,109,105,98,1
0.66,0.542,0.458,0.522,0.478,1,1,1,0,55,58,105,102,110,107,0
0.745,0.438,0.562,0.574,0.426,2,0,1,0,54,59,109,107,107,105,1
0.66,0.531,0.469,0.761,0.239,1,1,1,0,55,74,100,97,115,103,0
0.75,0.688,0.312,0.596,0.404,3,1,0,1,67,61,105,98,114,109,1
0.708,0.562,0.438,0.438,0.562,1,1,1,1,59,55,107,105,109,107,1
0.729,0.583,0.417,0.688,0.312,1,1,0,0,61,68,114,109,105,98,0
0.75,0.429,0.571,0.562,0.438,2,1,0,1,55,60,109,107,107,105,1
0.872,0.766,0.234,0.694,0.306,1,1,1,1,75,69,115,103,105,98,1
0.714,0.551,0.449,0.429,0.571,1,1,0,0,60,56,107,105,109,107,1
0.875,0.766,0.234,0.68,0.32,1,0,1,1,76,69,115,103,105,98,1
0.72,0.551,0.449,0.532,0.468,2,1,1,1,61,59,107,105,110,106,0
0.706,0.551,0.449,0.542,0.458,2,1,1,0,61,60,107,105,110,106,0
0.755,0.667,0.333,0.766,0.234,2,1,1,1,69,77,105,98,116,103,0
0.766,0.551,0.449,0.551,0.449,2,0,0,1,61,61,110,106,107,105,0
0.74,0.667,0.333,0.771,0.229,2,1,1,0,69,78,105,99,116,103,0
0.75,0.551,0.449,0.56,0.44,2,1,0,1,61,62,110,106,107,105,1
0.692,0.549,0.451,0.551,0.449,2,1,0,0,62,62,107,105,110,106,0
0.878,0.776,0.224,0.56,0.44,1,1,1,1,79,63,116,103,111,106,1
0.88,0.776,0.224,0.549,0.451,1,0,1,1,80,63,116,103,111,106,1
0.755,0.538,0.462,0.776,0.224,1,1,1,1,63,81,111,106,116,103,0
0.74,0.538,0.462,0.78,0.22,1,1,1,0,63,82,111,107,116,104,1
0.882,0.765,0.235,0.538,0.462,1,1,0,1,82,64,116,104,111,107,1
